primary_type,date,latitude,longitude
THEFT,2025-03-17 00:00:00,41.991994198,-87.67333819
CRIMINAL DAMAGE,2025-03-17 00:00:00,41.772814361,-87.688358507
MOTOR VEHICLE THEFT,2025-03-17 00:00:00,41.921816249,-87.720316305
NARCOTICS,2025-03-17 00:00:00,41.724689408,-87.62753229
OFFENSE INVOLVING CHILDREN,2025-03-17 00:00:00,41.813069461,-87.69557746
THEFT,2025-03-17 00:00:00,41.927963441,-87.64480573
STALKING,2025-03-17 00:00:00,41.951039812,-87.831762466
DECEPTIVE PRACTICE,2025-03-17 00:00:00,41.907153315,-87.639680572
NARCOTICS,2025-03-17 00:00:00,41.842241391,-87.695141061
MOTOR VEHICLE THEFT,2025-03-17 00:00:00,41.871860452,-87.707157461
THEFT,2025-03-17 00:00:00,41.751186527,-87.671948159
CRIMINAL DAMAGE,2025-03-17 00:00:00,41.976583711,-87.770928859
NARCOTICS,2025-03-17 00:00:00,41.829938209,-87.627936736
THEFT,2025-03-17 00:00:00,41.824523488,-87.607193465
MOTOR VEHICLE THEFT,2025-03-16 23:59:00,41.976290414,-87.905227221
OTHER OFFENSE,2025-03-16 23:39:00,41.905543395,-87.69078236
MOTOR VEHICLE THEFT,2025-03-16 23:33:00,41.699946159,-87.618139382
CRIMINAL DAMAGE,2025-03-16 23:30:00,41.824523488,-87.607193465
THEFT,2025-03-16 23:26:00,41.709763852,-87.648988638
ASSAULT,2025-03-16 23:25:00,41.79523709,-87.6670471
BURGLARY,2025-03-16 23:20:00,41.753032445,-87.565044333
BATTERY,2025-03-16 23:10:00,41.691389864,-87.712158434
ASSAULT,2025-03-16 23:06:00,41.820982288,-87.601400234
THEFT,2025-03-16 23:00:00,41.924416977,-87.654791085
SEX OFFENSE,2025-03-16 23:00:00,41.935133761,-87.750307474
MOTOR VEHICLE THEFT,2025-03-16 23:00:00,42.000421732,-87.662471633
THEFT,2025-03-16 23:00:00,41.769049288,-87.576378338
THEFT,2025-03-16 22:55:00,41.882133861,-87.682776518
BATTERY,2025-03-16 22:45:00,41.847156055,-87.707552576
BATTERY,2025-03-16 22:38:00,41.688056153,-87.639824245
THEFT,2025-03-16 22:35:00,41.949185259,-87.646312499
CRIMINAL SEXUAL ASSAULT,2025-03-16 22:35:00,41.909300888,-87.681159825
BATTERY,2025-03-16 22:30:00,41.975773105,-87.705103499
CRIMINAL TRESPASS,2025-03-16 22:30:00,41.962062939,-87.659590791
MOTOR VEHICLE THEFT,2025-03-16 22:30:00,41.890085343,-87.717369473
CRIMINAL DAMAGE,2025-03-16 22:30:00,41.746505465,-87.646348607
WEAPONS VIOLATION,2025-03-16 22:29:00,41.755104853,-87.642932797
BATTERY,2025-03-16 22:25:00,41.770191176,-87.6417153
ASSAULT,2025-03-16 22:20:00,41.783020354,-87.620549828
NARCOTICS,2025-03-16 22:16:00,41.81123307,-87.697968974
NARCOTICS,2025-03-16 22:11:00,41.894565725,-87.718725809
OTHER OFFENSE,2025-03-16 22:05:00,41.892661339,-87.631154879
BATTERY,2025-03-16 22:03:00,41.760718451,-87.649147576
CRIMINAL DAMAGE,2025-03-16 22:01:00,41.854739667,-87.707775978
BATTERY,2025-03-16 22:00:00,41.765564594,-87.578131109
BATTERY,2025-03-16 22:00:00,41.70991675,-87.622193006
MOTOR VEHICLE THEFT,2025-03-16 22:00:00,41.918774472,-87.744742852
CRIMINAL DAMAGE,2025-03-16 22:00:00,41.776104575,-87.602182026
THEFT,2025-03-16 22:00:00,41.97013634,-87.669474765
CRIMINAL DAMAGE,2025-03-16 22:00:00,41.991609395,-87.671800876
ASSAULT,2025-03-16 22:00:00,41.848287123,-87.693682602
ASSAULT,2025-03-16 22:00:00,41.798063743,-87.734325718
CRIMINAL DAMAGE,2025-03-16 22:00:00,41.857906209,-87.62191033
CRIMINAL DAMAGE,2025-03-16 21:53:00,41.75191443,-87.647716532
THEFT,2025-03-16 21:50:00,41.945910991,-87.655474824
THEFT,2025-03-16 21:45:00,41.891678767,-87.627551654
ASSAULT,2025-03-16 21:37:00,41.736543497,-87.545818607
WEAPONS VIOLATION,2025-03-16 21:36:00,41.829265828,-87.606798638
BATTERY,2025-03-16 21:35:00,41.72560982,-87.569342116
ASSAULT,2025-03-16 21:30:00,41.754480777,-87.584480414
MOTOR VEHICLE THEFT,2025-03-16 21:30:00,41.675364868,-87.638218142
BATTERY,2025-03-16 21:30:00,41.857742124,-87.669680389
BATTERY,2025-03-16 21:30:00,41.80237456,-87.666030576
BATTERY,2025-03-16 21:26:00,41.876541001,-87.629253085
ASSAULT,2025-03-16 21:26:00,41.771625588,-87.706113367
THEFT,2025-03-16 21:25:00,41.968234567,-87.728571616
BATTERY,2025-03-16 21:21:00,41.851148452,-87.718638761
ROBBERY,2025-03-16 21:20:00,41.72984137,-87.653160816
BATTERY,2025-03-16 21:13:00,42.012812446,-87.664475673
THEFT,2025-03-16 21:11:00,41.917656022,-87.688750258
ROBBERY,2025-03-16 21:10:00,41.969159427,-87.649837624
BATTERY,2025-03-16 21:05:00,41.70991675,-87.622193006
ASSAULT,2025-03-16 21:01:00,41.748058925,-87.662166583
BATTERY,2025-03-16 21:00:00,41.952749159,-87.71164914
ASSAULT,2025-03-16 21:00:00,41.765025476,-87.576275351
THEFT,2025-03-16 21:00:00,41.893842714,-87.62422959
THEFT,2025-03-16 21:00:00,41.883500187,-87.627876698
THEFT,2025-03-16 21:00:00,41.867789309,-87.659861997
THEFT,2025-03-16 21:00:00,41.910572729,-87.671785941
CRIMINAL DAMAGE,2025-03-16 21:00:00,41.698462836,-87.541343712
ASSAULT,2025-03-16 21:00:00,41.96104936,-87.719616845
BATTERY,2025-03-16 20:57:00,41.763396489,-87.643573336
BATTERY,2025-03-16 20:53:00,41.807994429,-87.667377089
OTHER OFFENSE,2025-03-16 20:47:00,41.938400369,-87.779894424
NARCOTICS,2025-03-16 20:44:00,41.890852209,-87.718621845
ASSAULT,2025-03-16 20:44:00,41.888969704,-87.716583236
CRIMINAL DAMAGE,2025-03-16 20:38:00,41.876541001,-87.629253085
BATTERY,2025-03-16 20:30:00,41.823544256,-87.639229947
BATTERY,2025-03-16 20:30:00,41.881215793,-87.75753629
MOTOR VEHICLE THEFT,2025-03-16 20:30:00,41.868532561,-87.662600424
OTHER OFFENSE,2025-03-16 20:21:00,41.74844067,-87.626964365
ASSAULT,2025-03-16 20:20:00,41.820579224,-87.688459065
WEAPONS VIOLATION,2025-03-16 20:17:00,41.962291,-87.658239
THEFT,2025-03-16 20:10:00,41.778340981,-87.703122242
MOTOR VEHICLE THEFT,2025-03-16 20:04:00,41.9603617,-87.776354951
MOTOR VEHICLE THEFT,2025-03-16 20:00:00,41.925980147,-87.754870316
THEFT,2025-03-16 20:00:00,41.789247208,-87.62188894
OTHER OFFENSE,2025-03-16 20:00:00,41.938743235,-87.640782775
MOTOR VEHICLE THEFT,2025-03-16 20:00:00,41.756767255,-87.595155761
THEFT,2025-03-16 20:00:00,41.981867808,-87.655854904
BATTERY,2025-03-16 20:00:00,41.777922956,-87.593014081
MOTOR VEHICLE THEFT,2025-03-16 20:00:00,41.975773105,-87.705103499
THEFT,2025-03-16 20:00:00,41.751295659,-87.555309535
BATTERY,2025-03-16 19:50:00,41.87746791,-87.762637221
ASSAULT,2025-03-16 19:48:00,41.765666388,-87.705870836
WEAPONS VIOLATION,2025-03-16 19:48:00,41.892289009,-87.744582066
CRIMINAL SEXUAL ASSAULT,2025-03-16 19:45:00,41.868518128,-87.624113021
CRIMINAL DAMAGE,2025-03-16 19:30:00,41.774125258,-87.609441256
THEFT,2025-03-16 19:30:00,41.905642146,-87.688327434
BATTERY,2025-03-16 19:30:00,41.841792927,-87.70739932
THEFT,2025-03-16 19:29:00,41.88171846,-87.627760426
OTHER OFFENSE,2025-03-16 19:23:00,41.751296014,-87.604321648
WEAPONS VIOLATION,2025-03-16 19:19:00,41.880498008,-87.72322311
BURGLARY,2025-03-16 19:18:00,41.817604432,-87.598015977
THEFT,2025-03-16 19:10:00,41.890300892,-87.631088915
BATTERY,2025-03-16 19:09:00,41.93871347,-87.656499322
ASSAULT,2025-03-16 19:08:00,41.733068435,-87.55133095
MOTOR VEHICLE THEFT,2025-03-16 19:00:00,41.683349285,-87.635236458
THEFT,2025-03-16 19:00:00,41.906860564,-87.723997108
THEFT,2025-03-16 19:00:00,41.947880549,-87.752992442
CRIMINAL DAMAGE,2025-03-16 19:00:00,41.961136959,-87.712431647
ROBBERY,2025-03-16 19:00:00,41.79505385,-87.671904413
BATTERY,2025-03-16 19:00:00,42.014614824,-87.672434636
OTHER OFFENSE,2025-03-16 19:00:00,41.682356221,-87.646229658
BATTERY,2025-03-16 19:00:00,41.892694698,-87.626750816
ASSAULT,2025-03-16 19:00:00,41.82524995,-87.631348961
CRIMINAL DAMAGE,2025-03-16 19:00:00,41.932188777,-87.686193106
BATTERY,2025-03-16 18:50:00,41.858456599,-87.711535419
THEFT,2025-03-16 18:50:00,41.780720487,-87.658233016
ASSAULT,2025-03-16 18:48:00,41.86412761,-87.70925941
THEFT,2025-03-16 18:47:00,41.798569683,-87.743533609
DECEPTIVE PRACTICE,2025-03-16 18:47:00,41.933433923,-87.641362086
BATTERY,2025-03-16 18:46:00,41.850957006,-87.710103181
THEFT,2025-03-16 18:45:00,41.955113932,-87.677483468
CRIMINAL TRESPASS,2025-03-16 18:45:00,41.868172512,-87.774229791
THEFT,2025-03-16 18:39:00,41.939315143,-87.70942733
THEFT,2025-03-16 18:38:00,41.802101704,-87.587747851
NARCOTICS,2025-03-16 18:35:00,41.79993372,-87.703743243
BATTERY,2025-03-16 18:33:00,41.751438412,-87.552889084
OFFENSE INVOLVING CHILDREN,2025-03-16 18:30:00,41.783897461,-87.704494139
BATTERY,2025-03-16 18:30:00,41.710087981,-87.641704357
THEFT,2025-03-16 18:28:00,41.885901992,-87.632455489
BATTERY,2025-03-16 18:20:00,41.998489063,-87.683811102
CRIMINAL TRESPASS,2025-03-16 18:19:00,41.797504979,-87.763669942
THEFT,2025-03-16 18:16:00,41.803671998,-87.703846021
WEAPONS VIOLATION,2025-03-16 18:16:00,41.72049639,-87.536498158
THEFT,2025-03-16 18:15:00,41.879381337,-87.634201201
BATTERY,2025-03-16 18:04:00,41.72044321,-87.675988757
OFFENSE INVOLVING CHILDREN,2025-03-16 18:00:00,41.966654524,-87.705178388
THEFT,2025-03-16 18:00:00,41.884484068,-87.623213022
CRIMINAL DAMAGE,2025-03-16 18:00:00,41.788987036,-87.74147999
MOTOR VEHICLE THEFT,2025-03-16 18:00:00,41.765253769,-87.615255549
NARCOTICS,2025-03-16 18:00:00,41.885721129,-87.747088202
CRIMINAL DAMAGE,2025-03-16 18:00:00,42.015452442,-87.681666113
THEFT,2025-03-16 18:00:00,41.75605979,-87.647042032
DECEPTIVE PRACTICE,2025-03-16 18:00:00,41.781731648,-87.587862886
BURGLARY,2025-03-16 18:00:00,41.766922071,-87.715777802
OTHER OFFENSE,2025-03-16 17:53:00,41.991051783,-87.714005983
NARCOTICS,2025-03-16 17:50:00,41.896544837,-87.637532796
OFFENSE INVOLVING CHILDREN,2025-03-16 17:33:00,41.876005082,-87.71084027
BATTERY,2025-03-16 17:32:00,41.992387113,-87.681106884
MOTOR VEHICLE THEFT,2025-03-16 17:30:00,41.920103983,-87.641609006
BURGLARY,2025-03-16 17:30:00,41.692466521,-87.633072858
CRIMINAL DAMAGE,2025-03-16 17:30:00,41.837489008,-87.646264459
CRIMINAL DAMAGE,2025-03-16 17:30:00,41.85314779,-87.671981602
CRIMINAL DAMAGE,2025-03-16 17:30:00,41.876046127,-87.754905906
DECEPTIVE PRACTICE,2025-03-16 17:30:00,41.879104092,-87.62434115
THEFT,2025-03-16 17:30:00,41.879104092,-87.62434115
THEFT,2025-03-16 17:30:00,42.009380303,-87.688112059
OTHER OFFENSE,2025-03-16 17:29:00,41.836622296,-87.70480759
WEAPONS VIOLATION,2025-03-16 17:28:00,41.860690601,-87.72540845
BATTERY,2025-03-16 17:19:00,41.953403242,-87.748387407
BURGLARY,2025-03-16 17:18:00,41.888045958,-87.625413826
THEFT,2025-03-16 17:15:00,41.868107536,-87.632778394
DECEPTIVE PRACTICE,2025-03-16 17:15:00,41.958186608,-87.729346795
WEAPONS VIOLATION,2025-03-16 17:12:00,41.706104607,-87.618609472
MOTOR VEHICLE THEFT,2025-03-16 17:10:00,41.870932257,-87.744921277
BATTERY,2025-03-16 17:09:00,41.891135724,-87.628049777
CRIMINAL DAMAGE,2025-03-16 17:04:00,41.903204113,-87.676505208
OTHER OFFENSE,2025-03-16 17:03:00,41.947922649,-87.710740281
MOTOR VEHICLE THEFT,2025-03-16 17:00:00,41.761529376,-87.615194446
CRIMINAL DAMAGE,2025-03-16 17:00:00,41.716679404,-87.62274113
BATTERY,2025-03-16 17:00:00,41.812965403,-87.688245651
BATTERY,2025-03-16 17:00:00,41.992450247,-87.681109918
CRIMINAL DAMAGE,2025-03-16 17:00:00,41.660155434,-87.634100042
BATTERY,2025-03-16 17:00:00,41.691818515,-87.67815489
OTHER OFFENSE,2025-03-16 16:59:00,41.940919688,-87.771444519
THEFT,2025-03-16 16:55:00,41.923670468,-87.786426561
NARCOTICS,2025-03-16 16:50:00,41.851808053,-87.702122648
WEAPONS VIOLATION,2025-03-16 16:48:00,41.860638954,-87.729142327
THEFT,2025-03-16 16:47:00,41.90885825,-87.646656908
NARCOTICS,2025-03-16 16:45:00,42.018498254,-87.672983233
BATTERY,2025-03-16 16:41:00,41.692835539,-87.604154667
BATTERY,2025-03-16 16:30:00,41.771539896,-87.650645583
THEFT,2025-03-16 16:30:00,41.974861952,-87.890372151
CRIMINAL DAMAGE,2025-03-16 16:30:00,41.863975503,-87.708034718
MOTOR VEHICLE THEFT,2025-03-16 16:30:00,41.793166018,-87.665777722
MOTOR VEHICLE THEFT,2025-03-16 16:30:00,41.7477322,-87.596310995
ASSAULT,2025-03-16 16:30:00,41.729618252,-87.551244573
THEFT,2025-03-16 16:30:00,41.884497778,-87.625878988
WEAPONS VIOLATION,2025-03-16 16:29:00,41.752147383,-87.603989513
ASSAULT,2025-03-16 16:28:00,41.841187993,-87.643927556
ASSAULT,2025-03-16 16:27:00,41.829651528,-87.614451899
THEFT,2025-03-16 16:24:00,41.807887928,-87.722790148
BATTERY,2025-03-16 16:22:00,41.816142361,-87.599401026
DECEPTIVE PRACTICE,2025-03-16 16:20:00,41.909608499,-87.747380344
OTHER OFFENSE,2025-03-16 16:12:00,41.857824309,-87.664452298
BATTERY,2025-03-16 16:10:00,41.881096485,-87.755091706
OTHER OFFENSE,2025-03-16 16:07:00,41.775750654,-87.771411071
NARCOTICS,2025-03-16 16:05:00,41.900863425,-87.724329624
BURGLARY,2025-03-16 16:03:00,41.968443218,-87.709106412
THEFT,2025-03-16 16:02:00,41.757614433,-87.586115266
MOTOR VEHICLE THEFT,2025-03-16 16:00:00,41.771470042,-87.71641237
CRIMINAL DAMAGE,2025-03-16 16:00:00,41.966647296,-87.706366149
MOTOR VEHICLE THEFT,2025-03-16 16:00:00,41.8032982,-87.653195042
ROBBERY,2025-03-16 16:00:00,41.720450477,-87.553809943
CRIMINAL DAMAGE,2025-03-16 16:00:00,41.744818065,-87.606267424
OTHER OFFENSE,2025-03-16 15:51:00,41.903723642,-87.688276949
THEFT,2025-03-16 15:47:00,41.928668419,-87.714657541
BATTERY,2025-03-16 15:45:00,41.803086957,-87.743033722
OTHER OFFENSE,2025-03-16 15:45:00,41.772245206,-87.623480901
CRIMINAL TRESPASS,2025-03-16 15:45:00,41.853856172,-87.631803395
ASSAULT,2025-03-16 15:40:00,41.891070406,-87.616613661
NARCOTICS,2025-03-16 15:34:00,41.877258341,-87.71220141
BATTERY,2025-03-16 15:32:00,41.888081232,-87.628024615
NARCOTICS,2025-03-16 15:31:00,41.895215949,-87.734274564
BATTERY,2025-03-16 15:30:00,41.767441006,-87.575110601
BATTERY,2025-03-16 15:30:00,41.85102174,-87.618954852
BATTERY,2025-03-16 15:30:00,41.814471837,-87.743343717
BATTERY,2025-03-16 15:30:00,41.783917378,-87.613888694
BATTERY,2025-03-16 15:25:00,41.850657231,-87.612880723
BATTERY,2025-03-16 15:17:00,41.782951693,-87.615692426
BATTERY,2025-03-16 15:16:00,41.779273063,-87.676972155
CRIMINAL TRESPASS,2025-03-16 15:15:00,41.685389871,-87.616320016
THEFT,2025-03-16 15:13:00,41.903605704,-87.690735667
OTHER OFFENSE,2025-03-16 15:10:00,41.783307683,-87.650227441
THEFT,2025-03-16 15:08:00,41.9593416,-87.711298287
THEFT,2025-03-16 15:07:00,41.684809877,-87.642147208
WEAPONS VIOLATION,2025-03-16 15:02:00,41.804996145,-87.606467715
THEFT,2025-03-16 15:00:00,41.716957365,-87.670636318
THEFT,2025-03-16 15:00:00,41.879248965,-87.696855018
CRIMINAL DAMAGE,2025-03-16 15:00:00,41.908430535,-87.638509526
MOTOR VEHICLE THEFT,2025-03-16 15:00:00,41.745885877,-87.549141673
CRIMINAL DAMAGE,2025-03-16 15:00:00,41.779655602,-87.738662045
OFFENSE INVOLVING CHILDREN,2025-03-16 15:00:00,41.696209685,-87.652233728
MOTOR VEHICLE THEFT,2025-03-16 15:00:00,41.722652534,-87.639602544
THEFT,2025-03-16 15:00:00,41.916893471,-87.644843903
MOTOR VEHICLE THEFT,2025-03-16 15:00:00,41.968427294,-87.71122829
THEFT,2025-03-16 14:59:00,41.939315143,-87.70942733
OTHER OFFENSE,2025-03-16 14:56:00,41.930017634,-87.725268802
BATTERY,2025-03-16 14:54:00,41.785601922,-87.688696028
OTHER OFFENSE,2025-03-16 14:49:00,41.930208454,-87.767426239
BATTERY,2025-03-16 14:48:00,41.976028796,-87.842595585
BATTERY,2025-03-16 14:45:00,41.96935108,-87.695046908
BATTERY,2025-03-16 14:43:00,41.715449614,-87.553298995
THEFT,2025-03-16 14:41:00,41.936298722,-87.731435128
OTHER OFFENSE,2025-03-16 14:36:00,41.941677196,-87.723595895
BATTERY,2025-03-16 14:20:00,41.73871998,-87.710401805
BATTERY,2025-03-16 14:15:00,41.838057753,-87.70484492
THEFT,2025-03-16 14:10:00,41.967333305,-87.71700095
CRIMINAL DAMAGE,2025-03-16 14:00:00,41.993563589,-87.67185789
THEFT,2025-03-16 14:00:00,41.720880947,-87.650808427
BURGLARY,2025-03-16 14:00:00,41.950918793,-87.796505332
THEFT,2025-03-16 14:00:00,41.776983359,-87.653216521
MOTOR VEHICLE THEFT,2025-03-16 14:00:00,41.730981965,-87.602485124
THEFT,2025-03-16 14:00:00,41.76015578,-87.556752911
OTHER OFFENSE,2025-03-16 14:00:00,41.707470396,-87.565711568
CRIMINAL DAMAGE,2025-03-16 14:00:00,41.976202314,-87.876667402
THEFT,2025-03-16 13:45:00,41.863406877,-87.710455868
ASSAULT,2025-03-16 13:45:00,41.782636759,-87.701298247
CRIMINAL DAMAGE,2025-03-16 13:45:00,41.968443218,-87.709106412
CRIMINAL DAMAGE,2025-03-16 13:45:00,41.774002671,-87.664840001
BURGLARY,2025-03-16 13:44:00,41.88296821,-87.69010155
ASSAULT,2025-03-16 13:42:00,41.930529297,-87.648938215
ASSAULT,2025-03-16 13:40:00,41.881847601,-87.641772074
OTHER OFFENSE,2025-03-16 13:39:00,41.736409029,-87.562410309
CRIMINAL DAMAGE,2025-03-16 13:30:00,41.877939091,-87.728689312
THEFT,2025-03-16 13:30:00,41.974861952,-87.890372151
MOTOR VEHICLE THEFT,2025-03-16 13:23:00,,
THEFT,2025-03-16 13:20:00,41.976182125,-87.876421145
CRIMINAL TRESPASS,2025-03-16 13:17:00,41.695682418,-87.613455866
THEFT,2025-03-16 13:09:00,41.892753031,-87.624193896
CRIMINAL DAMAGE,2025-03-16 13:00:00,41.759432839,-87.558202048
THEFT,2025-03-16 13:00:00,41.879235852,-87.624347038
ROBBERY,2025-03-16 13:00:00,41.884790951,-87.624469241
THEFT,2025-03-16 13:00:00,41.922686193,-87.769590876
THEFT,2025-03-16 13:00:00,41.947875587,-87.81565703
BURGLARY,2025-03-16 13:00:00,41.753363637,-87.647752417
THEFT,2025-03-16 13:00:00,41.941517082,-87.669018213
THEFT,2025-03-16 13:00:00,41.868080073,-87.632775022
THEFT,2025-03-16 12:56:00,42.016607113,-87.675302757
THEFT,2025-03-16 12:55:00,41.977020572,-87.659885503
WEAPONS VIOLATION,2025-03-16 12:48:00,41.782396402,-87.590927716
BATTERY,2025-03-16 12:45:00,41.654496696,-87.6075549
BATTERY,2025-03-16 12:45:00,41.788366762,-87.774340737
OTHER OFFENSE,2025-03-16 12:45:00,41.920601304,-87.671035667
BATTERY,2025-03-16 12:42:00,41.930728439,-87.758851542
BATTERY,2025-03-16 12:42:00,41.939445447,-87.644380834
OTHER OFFENSE,2025-03-16 12:40:00,41.764581624,-87.561127448
THEFT,2025-03-16 12:40:00,41.899189017,-87.625650736
DECEPTIVE PRACTICE,2025-03-16 12:40:00,41.899189017,-87.625650736
BATTERY,2025-03-16 12:40:00,41.748216428,-87.645183358
THEFT,2025-03-16 12:36:00,41.903996883,-87.643230238
BATTERY,2025-03-16 12:31:00,41.855190551,-87.623871195
BATTERY,2025-03-16 12:30:00,41.690094161,-87.623030124
ROBBERY,2025-03-16 12:25:00,41.923932635,-87.769146299
CRIMINAL TRESPASS,2025-03-16 12:23:00,41.907056567,-87.634586291
CRIMINAL TRESPASS,2025-03-16 12:22:00,41.684943065,-87.652506326
THEFT,2025-03-16 12:16:00,41.68428019,-87.655504296
OTHER OFFENSE,2025-03-16 12:15:00,42.003275954,-87.816941075
MOTOR VEHICLE THEFT,2025-03-16 12:15:00,41.900376594,-87.671083079
BATTERY,2025-03-16 12:11:00,41.892753031,-87.624193896
THEFT,2025-03-16 12:11:00,41.866988841,-87.657205006
BATTERY,2025-03-16 12:10:00,41.822537926,-87.600912912
OTHER OFFENSE,2025-03-16 12:05:00,41.726063374,-87.637276288
THEFT,2025-03-16 12:02:00,41.754592961,-87.741528537
ROBBERY,2025-03-16 12:00:00,41.729618252,-87.551244573
MOTOR VEHICLE THEFT,2025-03-16 12:00:00,41.883828476,-87.728211472
BATTERY,2025-03-16 12:00:00,41.75310656,-87.565047114
CRIMINAL DAMAGE,2025-03-16 12:00:00,41.89368109,-87.656100837
MOTOR VEHICLE THEFT,2025-03-16 12:00:00,41.77168605,-87.702120609
ASSAULT,2025-03-16 11:54:00,41.768816536,-87.584412685
OTHER OFFENSE,2025-03-16 11:54:00,41.78659482,-87.623879974
BATTERY,2025-03-16 11:50:00,41.757583114,-87.635689664
THEFT,2025-03-16 11:39:00,41.975370278,-87.744023432
THEFT,2025-03-16 11:30:00,41.881632203,-87.656283167
CRIMINAL DAMAGE,2025-03-16 11:30:00,41.771450256,-87.667637914
DECEPTIVE PRACTICE,2025-03-16 11:30:00,41.942155511,-87.652456464
ASSAULT,2025-03-16 11:30:00,41.76908018,-87.569849286
ROBBERY,2025-03-16 11:30:00,41.849515692,-87.703958334
OTHER OFFENSE,2025-03-16 11:30:00,41.815753833,-87.678588084
THEFT,2025-03-16 11:18:00,41.924597175,-87.717430811
CRIMINAL TRESPASS,2025-03-16 11:17:00,41.884604507,-87.678094915
CRIMINAL DAMAGE,2025-03-16 11:16:00,41.786969124,-87.648938205
BATTERY,2025-03-16 11:15:00,41.789656207,-87.646251106
OTHER OFFENSE,2025-03-16 11:15:00,41.873939832,-87.630658535
DECEPTIVE PRACTICE,2025-03-16 11:06:00,41.890013771,-87.631705393
BATTERY,2025-03-16 11:06:00,41.701626791,-87.628981995
BATTERY,2025-03-16 11:06:00,41.934091914,-87.760309812
THEFT,2025-03-16 11:04:00,41.895407139,-87.624263706
BATTERY,2025-03-16 11:04:00,41.775741321,-87.615512519
THEFT,2025-03-16 11:03:00,41.772891126,-87.61965751
DECEPTIVE PRACTICE,2025-03-16 11:02:00,41.786343156,-87.697609774
BATTERY,2025-03-16 11:00:00,41.860155012,-87.714022555
OTHER OFFENSE,2025-03-16 11:00:00,41.795760253,-87.65005855
CRIMINAL DAMAGE,2025-03-16 11:00:00,41.894146429,-87.710175647
BATTERY,2025-03-16 11:00:00,41.806744245,-87.66900758
THEFT,2025-03-16 11:00:00,41.868724871,-87.657954043
MOTOR VEHICLE THEFT,2025-03-16 11:00:00,41.769988798,-87.628285981
THEFT,2025-03-16 11:00:00,41.86850295,-87.643700235
BATTERY,2025-03-16 10:45:00,41.832384884,-87.623286482
OTHER OFFENSE,2025-03-16 10:44:00,41.879827197,-87.771385162
BATTERY,2025-03-16 10:43:00,41.690759765,-87.624157804
THEFT,2025-03-16 10:39:00,41.900181244,-87.627241312
THEFT,2025-03-16 10:36:00,41.737750767,-87.604855911
CRIMINAL DAMAGE,2025-03-16 10:35:00,41.883144607,-87.743935241
OTHER OFFENSE,2025-03-16 10:35:00,41.808417911,-87.685767695
BATTERY,2025-03-16 10:32:00,41.742621194,-87.607343845
DECEPTIVE PRACTICE,2025-03-16 10:30:00,41.88922282,-87.630259695
THEFT,2025-03-16 10:13:00,41.765558228,-87.622733535
BATTERY,2025-03-16 10:12:00,42.005519258,-87.662270909
THEFT,2025-03-16 10:10:00,,
THEFT,2025-03-16 10:09:00,41.892462168,-87.628655887
OTHER OFFENSE,2025-03-16 10:01:00,41.724032483,-87.654229461
THEFT,2025-03-16 10:00:00,41.742621194,-87.607343845
BATTERY,2025-03-16 10:00:00,41.820409263,-87.627799195
BATTERY,2025-03-16 10:00:00,41.769232512,-87.68826242
OTHER OFFENSE,2025-03-16 10:00:00,41.78486933,-87.622212339
BATTERY,2025-03-16 10:00:00,,
MOTOR VEHICLE THEFT,2025-03-16 10:00:00,41.850389575,-87.625443789
BURGLARY,2025-03-16 10:00:00,41.667887745,-87.630744337
OTHER OFFENSE,2025-03-16 10:00:00,41.885653759,-87.754363872
BATTERY,2025-03-16 09:57:00,41.953737779,-87.719429652
BATTERY,2025-03-16 09:46:00,41.931582515,-87.742747165
BATTERY,2025-03-16 09:45:00,41.861217161,-87.625687806
ASSAULT,2025-03-16 09:44:00,41.884604507,-87.678094915
THEFT,2025-03-16 09:44:00,41.656657626,-87.605130097
BATTERY,2025-03-16 09:41:00,41.756115887,-87.605326291
CRIMINAL DAMAGE,2025-03-16 09:40:00,41.894440508,-87.719942744
MOTOR VEHICLE THEFT,2025-03-16 09:40:00,41.746940271,-87.585872607
THEFT,2025-03-16 09:39:00,41.678237739,-87.68073427
CRIMINAL TRESPASS,2025-03-16 09:30:00,41.777917021,-87.607132873
CRIMINAL DAMAGE,2025-03-16 09:30:00,41.84714805,-87.638383957
ASSAULT,2025-03-16 09:30:00,41.706987456,-87.620244029
BATTERY,2025-03-16 09:30:00,41.758214815,-87.624119338
NARCOTICS,2025-03-16 09:27:00,41.894208913,-87.718714538
ROBBERY,2025-03-16 09:13:00,41.764707098,-87.624890909
CRIMINAL DAMAGE,2025-03-16 09:10:00,41.938875315,-87.806776382
MOTOR VEHICLE THEFT,2025-03-16 09:00:00,41.802461421,-87.68551959
MOTOR VEHICLE THEFT,2025-03-16 09:00:00,41.700052894,-87.610635124
CRIMINAL DAMAGE,2025-03-16 09:00:00,41.792479343,-87.775240115
THEFT,2025-03-16 09:00:00,41.89411155,-87.675867473
THEFT,2025-03-16 08:58:00,41.737750767,-87.604855911
BATTERY,2025-03-16 08:54:00,41.765018973,-87.600669418
OTHER OFFENSE,2025-03-16 08:50:00,41.988198299,-87.655327998
BATTERY,2025-03-16 08:48:00,41.774972724,-87.756749817
NARCOTICS,2025-03-16 08:40:00,41.870816728,-87.696017114
OTHER OFFENSE,2025-03-16 08:30:00,41.882729021,-87.773306028
THEFT,2025-03-16 08:30:00,41.68913091,-87.531668147
BATTERY,2025-03-16 08:30:00,41.774069965,-87.644639452
WEAPONS VIOLATION,2025-03-16 08:28:00,41.799856435,-87.620975753
BATTERY,2025-03-16 08:25:00,41.894513704,-87.712625587
CRIMINAL TRESPASS,2025-03-16 08:25:00,41.892628411,-87.63115524
DECEPTIVE PRACTICE,2025-03-16 08:22:00,42.02011466,-87.668244893
ASSAULT,2025-03-16 08:20:00,41.849330085,-87.683927481
THEFT,2025-03-16 08:14:00,41.846562517,-87.687093468
THEFT,2025-03-16 08:12:00,41.990615196,-87.683188577
CRIMINAL TRESPASS,2025-03-16 08:08:00,41.907926167,-87.64819515
BATTERY,2025-03-16 08:04:00,41.877497847,-87.760382378
THEFT,2025-03-16 08:00:00,41.807169957,-87.612619915
OTHER OFFENSE,2025-03-16 08:00:00,41.761360398,-87.657922841
MOTOR VEHICLE THEFT,2025-03-16 08:00:00,41.712156523,-87.635690312
OTHER OFFENSE,2025-03-16 08:00:00,41.882729021,-87.773306028
THEFT,2025-03-16 08:00:00,42.004414428,-87.671436447
SEX OFFENSE,2025-03-16 08:00:00,41.778962534,-87.703867751
MOTOR VEHICLE THEFT,2025-03-16 08:00:00,41.789783425,-87.645039661
CRIMINAL DAMAGE,2025-03-16 08:00:00,41.741400197,-87.622743457
BATTERY,2025-03-16 07:55:00,41.988630807,-87.812829371
OTHER OFFENSE,2025-03-16 07:53:00,41.8061986,-87.656395756
THEFT,2025-03-16 07:42:00,41.772963171,-87.722619226
BURGLARY,2025-03-16 07:40:00,41.755929033,-87.657389725
CRIMINAL DAMAGE,2025-03-16 07:30:00,41.882338258,-87.735529586
THEFT,2025-03-16 07:20:00,41.696197127,-87.681296053
CRIMINAL DAMAGE,2025-03-16 07:20:00,41.767114832,-87.571023597
DECEPTIVE PRACTICE,2025-03-16 07:10:00,41.803667488,-87.590528166
THEFT,2025-03-16 07:03:00,41.860577993,-87.733217687
ASSAULT,2025-03-16 07:00:00,41.702417072,-87.60997147
CRIMINAL DAMAGE,2025-03-16 07:00:00,41.923803052,-87.637497602
CRIMINAL SEXUAL ASSAULT,2025-03-16 06:53:00,41.87802357,-87.641556267
WEAPONS VIOLATION,2025-03-16 06:45:00,41.778099133,-87.633828531
BURGLARY,2025-03-16 06:30:00,41.750229101,-87.673438518
CRIMINAL DAMAGE,2025-03-16 06:30:00,41.85273593,-87.694240244
THEFT,2025-03-16 06:15:00,41.96843549,-87.710209636
ASSAULT,2025-03-16 06:15:00,41.967665781,-87.662730846
THEFT,2025-03-16 06:00:00,41.816322654,-87.726708652
MOTOR VEHICLE THEFT,2025-03-16 05:59:00,41.800763134,-87.707879467
BATTERY,2025-03-16 05:56:00,41.667492667,-87.622283102
CRIMINAL DAMAGE,2025-03-16 05:45:00,41.981051826,-87.839658835
MOTOR VEHICLE THEFT,2025-03-16 05:43:00,41.763644657,-87.704013826
BURGLARY,2025-03-16 05:30:00,41.77522825,-87.709025815
THEFT,2025-03-16 05:20:00,41.790404549,-87.61911492
BURGLARY,2025-03-16 05:20:00,41.911054487,-87.670146097
CRIMINAL DAMAGE,2025-03-16 05:15:00,41.667505513,-87.54956291
CRIMINAL DAMAGE,2025-03-16 05:00:00,41.846071802,-87.638755278
MOTOR VEHICLE THEFT,2025-03-16 05:00:00,41.76706266,-87.584370768
THEFT,2025-03-16 05:00:00,41.738897448,-87.652207879
ASSAULT,2025-03-16 05:00:00,41.865822659,-87.659093314
BATTERY,2025-03-16 05:00:00,41.940857568,-87.728955347
BATTERY,2025-03-16 05:00:00,41.700033321,-87.611887686
BATTERY,2025-03-16 04:59:00,41.971365705,-87.695115051
BATTERY,2025-03-16 04:49:00,41.90932322,-87.648235317
MOTOR VEHICLE THEFT,2025-03-16 04:47:00,41.817722001,-87.618378583
ASSAULT,2025-03-16 04:39:00,41.910868734,-87.708462658
CRIMINAL DAMAGE,2025-03-16 04:35:00,41.773406885,-87.643440433
MOTOR VEHICLE THEFT,2025-03-16 04:30:00,41.8989262,-87.67226246
BURGLARY,2025-03-16 04:30:00,41.976840051,-87.836613167
ASSAULT,2025-03-16 04:30:00,41.704345065,-87.635507431
MOTOR VEHICLE THEFT,2025-03-16 04:30:00,41.994287164,-87.79334526
HOMICIDE,2025-03-16 04:24:00,41.907153315,-87.639680572
MOTOR VEHICLE THEFT,2025-03-16 04:21:00,41.706412376,-87.612523175
THEFT,2025-03-16 04:20:00,41.764633375,-87.687340798
THEFT,2025-03-16 04:20:00,41.890013524,-87.631664996
ASSAULT,2025-03-16 04:09:00,41.765871777,-87.632227555
ROBBERY,2025-03-16 04:05:00,41.874974798,-87.725475051
CRIMINAL DAMAGE,2025-03-16 04:05:00,41.731207865,-87.656850296
BATTERY,2025-03-16 04:00:00,41.791242288,-87.686406306
THEFT,2025-03-16 04:00:00,41.910962486,-87.662340099
BATTERY,2025-03-16 04:00:00,41.781710088,-87.635094549
THEFT,2025-03-16 04:00:00,41.7166809,-87.650138627
ROBBERY,2025-03-16 04:00:00,41.677830552,-87.620503762
THEFT,2025-03-16 04:00:00,41.952740262,-87.726398388
ASSAULT,2025-03-16 04:00:00,41.907105106,-87.690825478
THEFT,2025-03-16 04:00:00,41.827676184,-87.674004997
CRIMINAL TRESPASS,2025-03-16 04:00:00,41.818933704,-87.689623845
BATTERY,2025-03-16 04:00:00,41.895877613,-87.706566627
BATTERY,2025-03-16 04:00:00,41.884770157,-87.663051243
CRIMINAL DAMAGE,2025-03-16 04:00:00,41.777783389,-87.615563072
CRIMINAL DAMAGE,2025-03-16 03:57:00,41.757238398,-87.645424172
BATTERY,2025-03-16 03:48:00,41.774463738,-87.600928542
ASSAULT,2025-03-16 03:44:00,41.955790482,-87.77197935
DECEPTIVE PRACTICE,2025-03-16 03:38:00,41.852505856,-87.655544324
WEAPONS VIOLATION,2025-03-16 03:32:00,41.799865968,-87.707415083
BATTERY,2025-03-16 03:30:00,41.74798997,-87.574361093
BATTERY,2025-03-16 03:25:00,41.733366924,-87.658128262
CRIMINAL DAMAGE,2025-03-16 03:25:00,41.878286913,-87.714137605
THEFT,2025-03-16 03:20:00,41.78855274,-87.617445054
MOTOR VEHICLE THEFT,2025-03-16 03:20:00,41.887711996,-87.617139647
BATTERY,2025-03-16 03:15:00,41.975827666,-87.697567585
BATTERY,2025-03-16 03:15:00,41.770788105,-87.585012945
BATTERY,2025-03-16 03:13:00,41.947626023,-87.656853521
MOTOR VEHICLE THEFT,2025-03-16 03:10:00,41.744645467,-87.621212617
ASSAULT,2025-03-16 03:01:00,41.902670403,-87.629946882
BATTERY,2025-03-16 03:00:00,41.801139095,-87.68510747
BATTERY,2025-03-16 03:00:00,41.954593897,-87.729244692
BATTERY,2025-03-16 03:00:00,41.74455499,-87.688132064
THEFT,2025-03-16 03:00:00,41.802126073,-87.70870977
CRIMINAL DAMAGE,2025-03-16 03:00:00,41.907105106,-87.690825478
THEFT,2025-03-16 03:00:00,41.788588436,-87.617448324
THEFT,2025-03-16 03:00:00,41.803667488,-87.590528166
CRIMINAL DAMAGE,2025-03-16 03:00:00,41.766946791,-87.57632241
THEFT,2025-03-16 03:00:00,41.830634112,-87.614473928
CRIMINAL DAMAGE,2025-03-16 03:00:00,41.784366648,-87.653409827
BATTERY,2025-03-16 03:00:00,41.890013524,-87.631664996
CRIMINAL DAMAGE,2025-03-16 03:00:00,41.795693378,-87.769714985
CRIMINAL DAMAGE,2025-03-16 02:58:00,41.750485314,-87.62298042
MOTOR VEHICLE THEFT,2025-03-16 02:54:00,41.8989262,-87.67226246
CRIMINAL DAMAGE,2025-03-16 02:50:00,41.947227653,-87.655380005
CRIMINAL DAMAGE,2025-03-16 02:50:00,41.71938377,-87.61895318
BATTERY,2025-03-16 02:45:00,41.860152563,-87.731107195
THEFT,2025-03-16 02:44:00,41.802126073,-87.70870977
BATTERY,2025-03-16 02:36:00,41.941745416,-87.686905118
CRIMINAL TRESPASS,2025-03-16 02:35:00,41.972450458,-87.761389276
SEX OFFENSE,2025-03-16 02:31:00,41.949437223,-87.665293002
CRIMINAL DAMAGE,2025-03-16 02:30:00,41.654645631,-87.6168587
BATTERY,2025-03-16 02:30:00,41.879060101,-87.626107881
BATTERY,2025-03-16 02:30:00,41.878092571,-87.749331743
BATTERY,2025-03-16 02:20:00,41.88681295,-87.726930993
MOTOR VEHICLE THEFT,2025-03-16 02:15:00,41.898457749,-87.619234491
BATTERY,2025-03-16 02:00:00,41.880252868,-87.69924661
CRIMINAL DAMAGE,2025-03-16 02:00:00,41.740670623,-87.54297612
CRIMINAL DAMAGE,2025-03-16 02:00:00,41.872903956,-87.633592535
BATTERY,2025-03-16 02:00:00,41.889179572,-87.633062369
CRIMINAL DAMAGE,2025-03-16 02:00:00,41.750485314,-87.62298042
CRIMINAL DAMAGE,2025-03-16 02:00:00,41.713438742,-87.631735506
BATTERY,2025-03-16 01:58:00,41.750133945,-87.662221927
BATTERY,2025-03-16 01:40:00,41.945006581,-87.654745566
BATTERY,2025-03-16 01:35:00,41.971006013,-87.70854818
BATTERY,2025-03-16 01:32:00,41.750933942,-87.6263067
BATTERY,2025-03-16 01:32:00,41.907560417,-87.766336846
THEFT,2025-03-16 01:30:00,41.903230312,-87.634455361
BATTERY,2025-03-16 01:30:00,42.018222741,-87.664735462
THEFT,2025-03-16 01:30:00,41.890013524,-87.631664996
THEFT,2025-03-16 01:30:00,41.828069036,-87.678877221
BATTERY,2025-03-16 01:28:00,41.78505339,-87.721371503
BATTERY,2025-03-16 01:10:00,41.811076866,-87.693066204
CRIMINAL DAMAGE,2025-03-16 01:09:00,41.995595257,-87.655558503
BATTERY,2025-03-16 01:08:00,41.780296748,-87.670292551
BURGLARY,2025-03-16 01:06:00,41.721251124,-87.65959212
THEFT,2025-03-16 01:05:00,41.871149707,-87.687341534
WEAPONS VIOLATION,2025-03-16 01:04:00,41.741332212,-87.717463076
BATTERY,2025-03-16 01:02:00,41.940685232,-87.68820595
MOTOR VEHICLE THEFT,2025-03-16 01:00:00,41.783557051,-87.732678801
OTHER OFFENSE,2025-03-16 01:00:00,41.774190883,-87.738503562
BATTERY,2025-03-16 01:00:00,41.909618829,-87.676277805
THEFT,2025-03-16 01:00:00,41.815326859,-87.642242385
OTHER OFFENSE,2025-03-16 01:00:00,41.91849252,-87.690130723
CRIMINAL DAMAGE,2025-03-16 01:00:00,41.716679404,-87.62274113
THEFT,2025-03-16 01:00:00,41.772245206,-87.623480901
THEFT,2025-03-16 01:00:00,41.846071802,-87.638755278
THEFT,2025-03-16 01:00:00,,
THEFT,2025-03-16 01:00:00,41.846071802,-87.638755278
THEFT,2025-03-16 01:00:00,41.729050495,-87.577954457
DECEPTIVE PRACTICE,2025-03-16 01:00:00,41.77516234,-87.587942631
BATTERY,2025-03-16 00:55:00,41.893676531,-87.635628328
CRIMINAL DAMAGE,2025-03-16 00:51:00,41.816731861,-87.704316107
WEAPONS VIOLATION,2025-03-16 00:51:00,41.861990637,-87.710418218
THEFT,2025-03-16 00:48:00,41.95388599,-87.710770479
PUBLIC PEACE VIOLATION,2025-03-16 00:45:00,41.80779181,-87.703963414
BATTERY,2025-03-16 00:33:00,41.873950808,-87.630658415
WEAPONS VIOLATION,2025-03-16 00:31:00,41.803181616,-87.585432024
BATTERY,2025-03-16 00:24:00,41.83134526,-87.650979169
ROBBERY,2025-03-16 00:20:00,41.793705588,-87.661360537
THEFT,2025-03-16 00:18:00,41.895732399,-87.687784384
OTHER OFFENSE,2025-03-16 00:17:00,41.877809197,-87.761734553
BATTERY,2025-03-16 00:15:00,41.876541001,-87.629253085
ROBBERY,2025-03-16 00:10:00,41.989971904,-87.706667002
ASSAULT,2025-03-16 00:10:00,41.85102174,-87.618954852
BATTERY,2025-03-16 00:07:00,41.887709569,-87.64868665
BATTERY,2025-03-16 00:05:00,41.883185894,-87.771891885
BATTERY,2025-03-16 00:05:00,41.932892608,-87.64033523
CRIMINAL DAMAGE,2025-03-16 00:01:00,41.704033051,-87.535284257
OTHER OFFENSE,2025-03-16 00:01:00,41.953113177,-87.77219401
CRIMINAL DAMAGE,2025-03-16 00:01:00,41.713561536,-87.561837333
THEFT,2025-03-16 00:01:00,41.94670237,-87.656117076
MOTOR VEHICLE THEFT,2025-03-16 00:00:00,41.937246945,-87.720815413
MOTOR VEHICLE THEFT,2025-03-16 00:00:00,41.742592237,-87.547866291
THEFT,2025-03-16 00:00:00,41.984237719,-87.655208186
BATTERY,2025-03-16 00:00:00,41.730208866,-87.608241973
OTHER OFFENSE,2025-03-16 00:00:00,41.75191443,-87.647716532
THEFT,2025-03-16 00:00:00,41.966164171,-87.657959103
BATTERY,2025-03-16 00:00:00,41.85706859,-87.722898905
MOTOR VEHICLE THEFT,2025-03-16 00:00:00,41.730820348,-87.580428611
PUBLIC PEACE VIOLATION,2025-03-16 00:00:00,41.88194177,-87.634210012
ROBBERY,2025-03-16 00:00:00,41.743125083,-87.605007694
CRIMINAL DAMAGE,2025-03-16 00:00:00,41.771981229,-87.644584811
CRIMINAL DAMAGE,2025-03-16 00:00:00,41.930539316,-87.74534398
DECEPTIVE PRACTICE,2025-03-16 00:00:00,42.002001806,-87.814927871
BATTERY,2025-03-16 00:00:00,41.862473141,-87.708812942
THEFT,2025-03-16 00:00:00,41.715001684,-87.532859416
THEFT,2025-03-16 00:00:00,41.890013771,-87.631705393
THEFT,2025-03-16 00:00:00,41.895897782,-87.677740745
CRIMINAL DAMAGE,2025-03-16 00:00:00,41.715448743,-87.553170812
CRIMINAL DAMAGE,2025-03-16 00:00:00,41.991453716,-87.658258308
DECEPTIVE PRACTICE,2025-03-16 00:00:00,41.990490364,-87.691238253
ASSAULT,2025-03-16 00:00:00,41.726557184,-87.608400262
MOTOR VEHICLE THEFT,2025-03-16 00:00:00,41.904805391,-87.691307724
MOTOR VEHICLE THEFT,2025-03-16 00:00:00,41.941603083,-87.662570288
OTHER OFFENSE,2025-03-16 00:00:00,41.78174502,-87.698340825
CRIMINAL TRESPASS,2025-03-16 00:00:00,41.703807158,-87.680329297
BATTERY,2025-03-15 23:58:00,41.951893745,-87.747276287
NARCOTICS,2025-03-15 23:58:00,41.949283608,-87.643036076
THEFT,2025-03-15 23:55:00,41.938900179,-87.741452043
THEFT,2025-03-15 23:50:00,,
ASSAULT,2025-03-15 23:50:00,41.751452878,-87.624567581
CRIMINAL DAMAGE,2025-03-15 23:49:00,41.821137496,-87.615119458
BATTERY,2025-03-15 23:40:00,41.886814671,-87.625555956
OTHER OFFENSE,2025-03-15 23:40:00,41.855385007,-87.709370105
BATTERY,2025-03-15 23:39:00,41.909618829,-87.676277805
MOTOR VEHICLE THEFT,2025-03-15 23:36:00,41.869408688,-87.657106077
WEAPONS VIOLATION,2025-03-15 23:34:00,41.885481891,-87.627935689
OFFENSE INVOLVING CHILDREN,2025-03-15 23:32:00,41.782512921,-87.654577031
THEFT,2025-03-15 23:30:00,41.945910991,-87.655474824
BATTERY,2025-03-15 23:28:00,41.889240249,-87.62907325
MOTOR VEHICLE THEFT,2025-03-15 23:24:00,41.735335188,-87.641162432
ROBBERY,2025-03-15 23:14:00,41.852443726,-87.659443059
WEAPONS VIOLATION,2025-03-15 23:08:00,41.860186368,-87.728662021
THEFT,2025-03-15 23:06:00,41.890013771,-87.631705393
OTHER OFFENSE,2025-03-15 23:06:00,41.692795987,-87.669156192
BATTERY,2025-03-15 23:05:00,41.896943556,-87.624206307
MOTOR VEHICLE THEFT,2025-03-15 23:00:00,41.940506567,-87.651125078
MOTOR VEHICLE THEFT,2025-03-15 23:00:00,41.70274621,-87.53809059
BATTERY,2025-03-15 23:00:00,41.798890676,-87.669580138
MOTOR VEHICLE THEFT,2025-03-15 23:00:00,41.872024699,-87.764576535
ASSAULT,2025-03-15 23:00:00,41.922519883,-87.780538765
THEFT,2025-03-15 23:00:00,41.923005158,-87.645351431
CRIMINAL DAMAGE,2025-03-15 23:00:00,41.903917122,-87.630531971
CRIMINAL DAMAGE,2025-03-15 23:00:00,41.790754583,-87.739927261
CRIMINAL DAMAGE,2025-03-15 22:57:00,41.899882008,-87.728677033
BATTERY,2025-03-15 22:51:00,41.783632386,-87.604377118
ASSAULT,2025-03-15 22:50:00,41.715320683,-87.604728336
ASSAULT,2025-03-15 22:45:00,41.702769942,-87.562925787
ASSAULT,2025-03-15 22:45:00,42.000332475,-87.679340769
BATTERY,2025-03-15 22:45:00,41.940218038,-87.73206722
BATTERY,2025-03-15 22:41:00,41.966150376,-87.657014253
BURGLARY,2025-03-15 22:40:00,41.983674892,-87.657023752
BATTERY,2025-03-15 22:30:00,41.777972797,-87.742277863
THEFT,2025-03-15 22:30:00,41.782508018,-87.764345349
OTHER OFFENSE,2025-03-15 22:30:00,41.862008217,-87.711636839
WEAPONS VIOLATION,2025-03-15 22:30:00,41.78157362,-87.711659121
MOTOR VEHICLE THEFT,2025-03-15 22:30:00,41.903203608,-87.676417051
THEFT,2025-03-15 22:30:00,41.846071802,-87.638755278
MOTOR VEHICLE THEFT,2025-03-15 22:30:00,41.871180583,-87.731936274
THEFT,2025-03-15 22:30:00,41.945910991,-87.655474824
CRIMINAL DAMAGE,2025-03-15 22:29:00,41.864423657,-87.718867725
BATTERY,2025-03-15 22:28:00,41.953970367,-87.699112012
BATTERY,2025-03-15 22:08:00,41.915259074,-87.634136763
NARCOTICS,2025-03-15 22:06:00,41.882412225,-87.728169751
OTHER OFFENSE,2025-03-15 22:05:00,41.816721389,-87.694462699
ASSAULT,2025-03-15 22:05:00,41.88249622,-87.624380767
CRIMINAL DAMAGE,2025-03-15 22:04:00,41.789726865,-87.78781958
WEAPONS VIOLATION,2025-03-15 22:03:00,41.895420644,-87.720539406
CRIMINAL DAMAGE,2025-03-15 22:00:00,41.86014601,-87.726213876
MOTOR VEHICLE THEFT,2025-03-15 22:00:00,42.011475373,-87.670987922
SEX OFFENSE,2025-03-15 22:00:00,41.890013771,-87.631705393
DECEPTIVE PRACTICE,2025-03-15 22:00:00,,
BATTERY,2025-03-15 22:00:00,41.857871142,-87.661661988
CRIMINAL DAMAGE,2025-03-15 22:00:00,41.783097018,-87.761927547
THEFT,2025-03-15 22:00:00,,
MOTOR VEHICLE THEFT,2025-03-15 22:00:00,41.870009983,-87.726425283
CRIMINAL DAMAGE,2025-03-15 22:00:00,41.673239246,-87.642977448
THEFT,2025-03-15 22:00:00,41.905193291,-87.719075734
BATTERY,2025-03-15 22:00:00,41.761709626,-87.703959427
BATTERY,2025-03-15 22:00:00,41.921463921,-87.673580498
THEFT,2025-03-15 22:00:00,41.879466833,-87.668467867
BATTERY,2025-03-15 21:57:00,41.961198869,-87.706151162
BATTERY,2025-03-15 21:51:00,41.692393516,-87.639133252
OTHER OFFENSE,2025-03-15 21:50:00,41.862028528,-87.712855434
BATTERY,2025-03-15 21:46:00,41.735852281,-87.729965248
NARCOTICS,2025-03-15 21:44:00,41.87380383,-87.69477944
BATTERY,2025-03-15 21:41:00,41.906631631,-87.758362293
BATTERY,2025-03-15 21:40:00,41.906593213,-87.758362638
ROBBERY,2025-03-15 21:38:00,41.874508295,-87.696116296
OTHER OFFENSE,2025-03-15 21:37:00,41.975368836,-87.744277197
CRIMINAL DAMAGE,2025-03-15 21:30:00,41.747656283,-87.554030587
ASSAULT,2025-03-15 21:30:00,41.759012808,-87.560215615
ASSAULT,2025-03-15 21:30:00,41.779672086,-87.738665559
THEFT,2025-03-15 21:30:00,41.84785572,-87.645162578
THEFT,2025-03-15 21:29:00,41.778340981,-87.703122242
BATTERY,2025-03-15 21:27:00,41.940425566,-87.764722587
ASSAULT,2025-03-15 21:20:00,41.691751579,-87.685225652
PUBLIC PEACE VIOLATION,2025-03-15 21:20:00,41.87276817,-87.707042122
LIQUOR LAW VIOLATION,2025-03-15 21:19:00,41.855034296,-87.667439919
BATTERY,2025-03-15 21:17:00,41.882738916,-87.635328699
CRIMINAL DAMAGE,2025-03-15 21:15:00,41.793705588,-87.661360537
ASSAULT,2025-03-15 21:15:00,41.701985787,-87.535283939
CRIMINAL DAMAGE,2025-03-15 21:12:00,41.885702079,-87.642031644
BATTERY,2025-03-15 21:10:00,41.82132742,-87.623155514
BATTERY,2025-03-15 21:06:00,41.779630545,-87.61078722
BATTERY,2025-03-15 21:01:00,41.946845754,-87.656233188
BATTERY,2025-03-15 21:00:00,41.775818341,-87.644683072
OTHER OFFENSE,2025-03-15 21:00:00,41.885589314,-87.774030221
ASSAULT,2025-03-15 21:00:00,41.965576104,-87.721963451
BATTERY,2025-03-15 21:00:00,41.902440973,-87.66504844
CRIMINAL TRESPASS,2025-03-15 21:00:00,41.906598157,-87.659825297
OTHER OFFENSE,2025-03-15 21:00:00,41.843544056,-87.707451983
DECEPTIVE PRACTICE,2025-03-15 21:00:00,41.943056436,-87.649362967
THEFT,2025-03-15 21:00:00,41.733747719,-87.615463699
MOTOR VEHICLE THEFT,2025-03-15 21:00:00,41.651396079,-87.545927188
THEFT,2025-03-15 21:00:00,41.89728024,-87.716764069
THEFT,2025-03-15 21:00:00,41.958218081,-87.702040567
CRIMINAL DAMAGE,2025-03-15 21:00:00,41.913722308,-87.783487774
THEFT,2025-03-15 21:00:00,41.783739657,-87.68742771
ROBBERY,2025-03-15 21:00:00,41.809519024,-87.607384952
OTHER OFFENSE,2025-03-15 21:00:00,41.972749328,-87.728153813
OTHER OFFENSE,2025-03-15 21:00:00,,
OTHER OFFENSE,2025-03-15 21:00:00,41.771473188,-87.590357168
MOTOR VEHICLE THEFT,2025-03-15 21:00:00,41.676995167,-87.627438678
CRIMINAL SEXUAL ASSAULT,2025-03-15 21:00:00,41.875136518,-87.735897791
THEFT,2025-03-15 21:00:00,41.883500187,-87.627876698
DECEPTIVE PRACTICE,2025-03-15 21:00:00,41.86821682,-87.6304532
WEAPONS VIOLATION,2025-03-15 20:58:00,41.71584694,-87.653894425
ASSAULT,2025-03-15 20:56:00,41.738379322,-87.561166634
BATTERY,2025-03-15 20:47:00,41.875254895,-87.627618559
BATTERY,2025-03-15 20:45:00,41.947252263,-87.65350869
BATTERY,2025-03-15 20:36:00,41.92116755,-87.738904205
MOTOR VEHICLE THEFT,2025-03-15 20:30:00,41.903396846,-87.663315635
CRIMINAL DAMAGE,2025-03-15 20:30:00,41.784422201,-87.703598021
THEFT,2025-03-15 20:30:00,41.686867374,-87.620901922
ROBBERY,2025-03-15 20:25:00,41.823566885,-87.688795972
CRIMINAL DAMAGE,2025-03-15 20:21:00,41.876607964,-87.627644063
BATTERY,2025-03-15 20:21:00,41.792342313,-87.619163083
BATTERY,2025-03-15 20:20:00,41.772387175,-87.589954366
CRIMINAL DAMAGE,2025-03-15 20:20:00,41.673532835,-87.624928926
ASSAULT,2025-03-15 20:19:00,41.952901742,-87.787536961
THEFT,2025-03-15 20:15:00,42.016607113,-87.675302757
ASSAULT,2025-03-15 20:15:00,41.807499342,-87.590234482
THEFT,2025-03-15 20:12:00,41.883500187,-87.627876698
ROBBERY,2025-03-15 20:10:00,41.997888171,-87.680440023
BATTERY,2025-03-15 20:08:00,41.882389156,-87.624374606
WEAPONS VIOLATION,2025-03-15 20:07:00,41.951034425,-87.660137054
MOTOR VEHICLE THEFT,2025-03-15 20:00:00,41.952700835,-87.652803773
ASSAULT,2025-03-15 20:00:00,41.978804601,-87.659936583
BATTERY,2025-03-15 20:00:00,41.942351064,-87.649344776
THEFT,2025-03-15 20:00:00,41.885935298,-87.649818339
BATTERY,2025-03-15 20:00:00,41.885575917,-87.652609523
CRIMINAL SEXUAL ASSAULT,2025-03-15 20:00:00,41.942987835,-87.6493637
ASSAULT,2025-03-15 20:00:00,41.803573845,-87.676991943
THEFT,2025-03-15 20:00:00,41.891573034,-87.675371975
BATTERY,2025-03-15 20:00:00,41.89138477,-87.648797987
THEFT,2025-03-15 20:00:00,41.946145384,-87.655667162
OTHER OFFENSE,2025-03-15 20:00:00,41.991453716,-87.658258308
ROBBERY,2025-03-15 20:00:00,41.750133945,-87.662221927
WEAPONS VIOLATION,2025-03-15 19:59:00,41.937263715,-87.668573535
DECEPTIVE PRACTICE,2025-03-15 19:50:00,41.859794359,-87.622370293
BATTERY,2025-03-15 19:47:00,41.808855912,-87.664976619
BATTERY,2025-03-15 19:42:00,41.881556538,-87.627758535
BATTERY,2025-03-15 19:42:00,41.728735699,-87.58394422
CRIMINAL DAMAGE,2025-03-15 19:42:00,41.884650262,-87.627915459
BATTERY,2025-03-15 19:40:00,41.82254499,-87.665557031
BATTERY,2025-03-15 19:39:00,41.778883826,-87.664206366
INTERFERENCE WITH PUBLIC OFFICER,2025-03-15 19:39:00,41.778883826,-87.664206366
THEFT,2025-03-15 19:32:00,41.977968974,-87.846468041
BATTERY,2025-03-15 19:30:00,41.881556538,-87.627758535
CRIMINAL DAMAGE,2025-03-15 19:30:00,41.929060122,-87.650611297
BATTERY,2025-03-15 19:30:00,41.893741546,-87.704868606
WEAPONS VIOLATION,2025-03-15 19:29:00,41.816931395,-87.693242676
BATTERY,2025-03-15 19:23:00,41.852034102,-87.623781281
OTHER OFFENSE,2025-03-15 19:21:00,41.843403023,-87.718430312
CRIMINAL DAMAGE,2025-03-15 19:20:00,41.878508188,-87.752280252
ROBBERY,2025-03-15 19:20:00,41.799123774,-87.587265261
THEFT,2025-03-15 19:19:00,41.931574051,-87.711516699
ROBBERY,2025-03-15 19:18:00,41.890509629,-87.743830813
THEFT,2025-03-15 19:15:00,41.915128896,-87.686365479
BURGLARY,2025-03-15 19:12:00,41.761599817,-87.590874263
BATTERY,2025-03-15 19:09:00,41.813058022,-87.665083334
ASSAULT,2025-03-15 19:09:00,41.696774514,-87.713223425
BATTERY,2025-03-15 19:07:00,41.946248393,-87.657779705
ASSAULT,2025-03-15 19:05:00,41.837205442,-87.706060571
BATTERY,2025-03-15 19:05:00,41.857969611,-87.655534354
BATTERY,2025-03-15 19:04:00,41.801406529,-87.658166297
INTERFERENCE WITH PUBLIC OFFICER,2025-03-15 19:02:00,41.774069965,-87.644639452
NARCOTICS,2025-03-15 19:01:00,41.893596455,-87.719135444
BATTERY,2025-03-15 19:00:00,41.844227884,-87.726467148
THEFT,2025-03-15 19:00:00,41.966251399,-87.662539766
MOTOR VEHICLE THEFT,2025-03-15 19:00:00,41.752561862,-87.576007705
BATTERY,2025-03-15 19:00:00,,
CRIMINAL DAMAGE,2025-03-15 19:00:00,41.94175425,-87.653280397
MOTOR VEHICLE THEFT,2025-03-15 19:00:00,41.881191799,-87.684578085
BATTERY,2025-03-15 19:00:00,41.80462016,-87.684368169
THEFT,2025-03-15 19:00:00,41.904160813,-87.634489295
CRIMINAL DAMAGE,2025-03-15 19:00:00,41.893199621,-87.675241423
MOTOR VEHICLE THEFT,2025-03-15 19:00:00,41.917354172,-87.677605691
BURGLARY,2025-03-15 19:00:00,,
MOTOR VEHICLE THEFT,2025-03-15 18:55:00,41.711250369,-87.560953019
BATTERY,2025-03-15 18:51:00,41.883859085,-87.752745896
ASSAULT,2025-03-15 18:50:00,41.820321877,-87.611089368
CRIMINAL DAMAGE,2025-03-15 18:50:00,41.920315481,-87.802471942
THEFT,2025-03-15 18:50:00,41.88171846,-87.627760426
BATTERY,2025-03-15 18:45:00,41.879542637,-87.625144154
THEFT,2025-03-15 18:44:00,,
CRIMINAL DAMAGE,2025-03-15 18:40:00,41.936304033,-87.652320242
OTHER OFFENSE,2025-03-15 18:35:00,41.770227581,-87.628290698
CRIMINAL DAMAGE,2025-03-15 18:35:00,41.873723439,-87.627591345
DECEPTIVE PRACTICE,2025-03-15 18:34:00,41.770227581,-87.628290698
ASSAULT,2025-03-15 18:33:00,41.741447487,-87.710338802
THEFT,2025-03-15 18:32:00,41.953140504,-87.769929177
MOTOR VEHICLE THEFT,2025-03-15 18:30:00,41.726969742,-87.579121797
CRIMINAL DAMAGE,2025-03-15 18:30:00,41.8918977,-87.773336129
THEFT,2025-03-15 18:30:00,41.686867374,-87.620901922
CRIMINAL DAMAGE,2025-03-15 18:30:00,41.867504412,-87.704479484
CRIMINAL DAMAGE,2025-03-15 18:30:00,41.751746775,-87.741463062
BATTERY,2025-03-15 18:30:00,41.843879386,-87.620432585
CRIMINAL TRESPASS,2025-03-15 18:29:00,41.858594819,-87.627214427
BATTERY,2025-03-15 18:28:00,41.802037251,-87.620390452
OTHER OFFENSE,2025-03-15 18:25:00,41.96863534,-87.807152814
CRIMINAL TRESPASS,2025-03-15 18:24:00,41.769688287,-87.587221529
DECEPTIVE PRACTICE,2025-03-15 18:22:00,41.876541001,-87.629253085
WEAPONS VIOLATION,2025-03-15 18:18:00,41.876541001,-87.629253085
BATTERY,2025-03-15 18:18:00,41.888599915,-87.632510468
OTHER OFFENSE,2025-03-15 18:10:00,41.836849331,-87.72713501
BATTERY,2025-03-15 18:08:00,41.858887646,-87.654386688
THEFT,2025-03-15 18:06:00,41.767407025,-87.6212652
CRIMINAL DAMAGE,2025-03-15 18:05:00,41.680950212,-87.539596339
ASSAULT,2025-03-15 18:05:00,41.946628027,-87.708334129
BATTERY,2025-03-15 18:00:00,41.805071645,-87.739417384
ROBBERY,2025-03-15 18:00:00,41.872634256,-87.71678069
BATTERY,2025-03-15 18:00:00,41.755008548,-87.730148696
DECEPTIVE PRACTICE,2025-03-15 18:00:00,41.800341024,-87.686659545
BATTERY,2025-03-15 18:00:00,41.966992822,-87.687510376
BURGLARY,2025-03-15 18:00:00,41.84714805,-87.638383957
NARCOTICS,2025-03-15 17:54:00,41.764407255,-87.640069305
WEAPONS VIOLATION,2025-03-15 17:53:00,41.857969655,-87.655541695
CRIMINAL DAMAGE,2025-03-15 17:51:00,41.807583099,-87.669802194
ASSAULT,2025-03-15 17:50:00,41.943809131,-87.663929245
BATTERY,2025-03-15 17:49:00,41.754507854,-87.576050797
BATTERY,2025-03-15 17:48:00,,
NARCOTICS,2025-03-15 17:47:00,41.872222885,-87.728181426
BATTERY,2025-03-15 17:45:00,41.746408057,-87.741262915
NARCOTICS,2025-03-15 17:45:00,41.870822871,-87.718795428
STALKING,2025-03-15 17:45:00,41.765042101,-87.654933485
THEFT,2025-03-15 17:40:00,41.885635134,-87.649182539
CRIMINAL DAMAGE,2025-03-15 17:37:00,41.867487947,-87.704479646
ASSAULT,2025-03-15 17:37:00,41.880815147,-87.75263391
CRIMINAL DAMAGE,2025-03-15 17:36:00,41.784826483,-87.644913015
THEFT,2025-03-15 17:35:00,41.844099091,-87.645206506
THEFT,2025-03-15 17:34:00,41.883475491,-87.627876969
THEFT,2025-03-15 17:34:00,41.903996883,-87.643230238
ROBBERY,2025-03-15 17:30:00,41.885727589,-87.625942541
ASSAULT,2025-03-15 17:30:00,41.731389342,-87.555436226
THEFT,2025-03-15 17:30:00,41.893240902,-87.630344179
DECEPTIVE PRACTICE,2025-03-15 17:30:00,,
BATTERY,2025-03-15 17:30:00,41.752390498,-87.600362278
THEFT,2025-03-15 17:30:00,41.79839359,-87.603898124
THEFT,2025-03-15 17:26:00,41.944058633,-87.798352983
BATTERY,2025-03-15 17:20:00,41.802072586,-87.680821601
ASSAULT,2025-03-15 17:20:00,41.865606394,-87.717835788
ASSAULT,2025-03-15 17:17:00,41.749517088,-87.55770569
ROBBERY,2025-03-15 17:15:00,41.885908101,-87.626289429
BATTERY,2025-03-15 17:15:00,41.893200979,-87.633242486
ROBBERY,2025-03-15 17:15:00,41.771225972,-87.6114131
BATTERY,2025-03-15 17:15:00,41.866307314,-87.713963181
THEFT,2025-03-15 17:10:00,41.885367342,-87.626266013
THEFT,2025-03-15 17:09:00,41.926484632,-87.785553657
BATTERY,2025-03-15 17:05:00,41.903740106,-87.688276783
ROBBERY,2025-03-15 17:03:00,41.906837023,-87.6473288
ROBBERY,2025-03-15 17:00:00,41.841831345,-87.707398946
THEFT,2025-03-15 17:00:00,41.99445207,-87.701958513
THEFT,2025-03-15 17:00:00,41.846985282,-87.725318008
ASSAULT,2025-03-15 17:00:00,41.83805499,-87.645458414
OTHER OFFENSE,2025-03-15 17:00:00,41.909222563,-87.689650683
DECEPTIVE PRACTICE,2025-03-15 17:00:00,41.888057631,-87.629545308
CRIMINAL DAMAGE,2025-03-15 17:00:00,41.969212636,-87.686491431
THEFT,2025-03-15 17:00:00,41.762862598,-87.663731403
CRIMINAL DAMAGE,2025-03-15 17:00:00,41.75440386,-87.555554195
THEFT,2025-03-15 17:00:00,41.885191719,-87.624486846
THEFT,2025-03-15 17:00:00,41.751450532,-87.66022925
BATTERY,2025-03-15 16:58:00,41.742368861,-87.64987372
BATTERY,2025-03-15 16:56:00,41.926910407,-87.641278248
NARCOTICS,2025-03-15 16:56:00,41.893647318,-87.714297786
ASSAULT,2025-03-15 16:50:00,41.776138272,-87.708826349
ROBBERY,2025-03-15 16:50:00,41.852868298,-87.63091491
ROBBERY,2025-03-15 16:47:00,41.754592961,-87.741528537
INTERFERENCE WITH PUBLIC OFFICER,2025-03-15 16:46:00,41.880716129,-87.726581034
ASSAULT,2025-03-15 16:45:00,41.903125898,-87.632182661
THEFT,2025-03-15 16:45:00,41.885481891,-87.627935689
BATTERY,2025-03-15 16:45:00,41.713335958,-87.659967791
BATTERY,2025-03-15 16:45:00,41.907092924,-87.639677552
ASSAULT,2025-03-15 16:45:00,41.8924816,-87.627351831
ASSAULT,2025-03-15 16:44:00,41.770191042,-87.722546543
CRIMINAL DAMAGE,2025-03-15 16:37:00,41.752329399,-87.60890194
BATTERY,2025-03-15 16:35:00,41.683664157,-87.532841597
CRIMINAL DAMAGE,2025-03-15 16:34:00,41.873852758,-87.762441734
ASSAULT,2025-03-15 16:33:00,41.824675709,-87.617013434
BATTERY,2025-03-15 16:30:00,41.949600232,-87.658442769
THEFT,2025-03-15 16:30:00,41.900546929,-87.633632427
THEFT,2025-03-15 16:30:00,41.886749178,-87.65146962
BATTERY,2025-03-15 16:30:00,41.915798196,-87.726524412
BATTERY,2025-03-15 16:30:00,41.744927373,-87.661176838
THEFT,2025-03-15 16:30:00,41.890250263,-87.63403495
OTHER OFFENSE,2025-03-15 16:24:00,41.76610221,-87.654141548
ASSAULT,2025-03-15 16:21:00,41.967132829,-87.757675178
SEX OFFENSE,2025-03-15 16:17:00,41.895877613,-87.706566627
ASSAULT,2025-03-15 16:10:00,41.789940003,-87.615031444
THEFT,2025-03-15 16:01:00,41.998734156,-87.660613118
ROBBERY,2025-03-15 16:00:00,41.885741029,-87.631711749
CRIMINAL TRESPASS,2025-03-15 16:00:00,41.750015145,-87.640359773
MOTOR VEHICLE THEFT,2025-03-15 16:00:00,41.863465393,-87.731204599
THEFT,2025-03-15 16:00:00,41.871371147,-87.627514417
THEFT,2025-03-15 16:00:00,41.882366617,-87.753912486
DECEPTIVE PRACTICE,2025-03-15 16:00:00,41.7661636,-87.584113638
BATTERY,2025-03-15 16:00:00,41.799197912,-87.587271736
BATTERY,2025-03-15 16:00:00,41.91014769,-87.635673092
BURGLARY,2025-03-15 16:00:00,41.731112402,-87.60878135
THEFT,2025-03-15 16:00:00,41.757567866,-87.605364858
THEFT,2025-03-15 16:00:00,41.816721389,-87.694462699
BATTERY,2025-03-15 15:56:00,41.87784596,-87.736592262
THEFT,2025-03-15 15:55:00,41.867921719,-87.656710552
NARCOTICS,2025-03-15 15:52:00,41.885721129,-87.747088202
CRIMINAL DAMAGE,2025-03-15 15:50:00,41.883859085,-87.752745896
BATTERY,2025-03-15 15:50:00,41.871059191,-87.696686604
THEFT,2025-03-15 15:50:00,41.754592961,-87.741528537
WEAPONS VIOLATION,2025-03-15 15:47:00,41.932306394,-87.676460292
PUBLIC PEACE VIOLATION,2025-03-15 15:46:00,41.881790794,-87.624355516
BATTERY,2025-03-15 15:44:00,41.982591102,-87.656586509
BATTERY,2025-03-15 15:40:00,41.96009635,-87.705768568
BATTERY,2025-03-15 15:40:00,41.747824875,-87.665800582
BATTERY,2025-03-15 15:38:00,41.932862434,-87.641702699
THEFT,2025-03-15 15:35:00,41.899410159,-87.624131266
BATTERY,2025-03-15 15:33:00,41.849252517,-87.701509135
WEAPONS VIOLATION,2025-03-15 15:32:00,41.931300196,-87.68047272
THEFT,2025-03-15 15:30:00,41.963070794,-87.655984213
THEFT,2025-03-15 15:30:00,41.968555728,-87.69562481
THEFT,2025-03-15 15:30:00,41.837779492,-87.721929973
SEX OFFENSE,2025-03-15 15:30:00,41.888045958,-87.625413826
OTHER OFFENSE,2025-03-15 15:30:00,41.960869394,-87.73491009
BATTERY,2025-03-15 15:26:00,41.903775756,-87.639324074
DECEPTIVE PRACTICE,2025-03-15 15:26:00,41.876683313,-87.624283454
THEFT,2025-03-15 15:26:00,41.911957958,-87.704899354
THEFT,2025-03-15 15:26:00,41.876683313,-87.624283454
CRIMINAL DAMAGE,2025-03-15 15:25:00,41.901247249,-87.733645157
ASSAULT,2025-03-15 15:18:00,41.802850483,-87.652664297
CRIMINAL TRESPASS,2025-03-15 15:15:00,41.725729311,-87.66278368
DECEPTIVE PRACTICE,2025-03-15 15:15:00,41.952052445,-87.646226566
ASSAULT,2025-03-15 15:15:00,41.841103444,-87.626852618
ROBBERY,2025-03-15 15:14:00,41.945051633,-87.677130806
BATTERY,2025-03-15 15:13:00,41.779975054,-87.630937377
DECEPTIVE PRACTICE,2025-03-15 15:12:00,41.770312361,-87.620239634
BATTERY,2025-03-15 15:11:00,41.766056625,-87.577835759
PUBLIC PEACE VIOLATION,2025-03-15 15:10:00,41.877896435,-87.624310435
THEFT,2025-03-15 15:00:00,41.943108594,-87.649366085
CRIMINAL DAMAGE,2025-03-15 15:00:00,41.728875502,-87.574304041
THEFT,2025-03-15 15:00:00,41.967731799,-87.692547922
THEFT,2025-03-15 15:00:00,41.928845536,-87.710870694
DECEPTIVE PRACTICE,2025-03-15 15:00:00,41.895026039,-87.658477715
THEFT,2025-03-15 15:00:00,41.896708121,-87.626078488
THEFT,2025-03-15 15:00:00,41.893646656,-87.631177143
BATTERY,2025-03-15 15:00:00,41.943197561,-87.680196981
CRIMINAL DAMAGE,2025-03-15 15:00:00,41.939823537,-87.660005051
BURGLARY,2025-03-15 15:00:00,41.768054437,-87.569117315
THEFT,2025-03-15 15:00:00,41.680481664,-87.540099953
CRIMINAL DAMAGE,2025-03-15 15:00:00,41.742208211,-87.556368278
CRIMINAL DAMAGE,2025-03-15 15:00:00,41.780946398,-87.621995369
BATTERY,2025-03-15 15:00:00,41.763781977,-87.585864104
BATTERY,2025-03-15 14:59:00,41.836559146,-87.620223934
THEFT,2025-03-15 14:58:00,42.019399237,-87.675049485
THEFT,2025-03-15 14:51:00,41.972107514,-87.740843159
CRIMINAL DAMAGE,2025-03-15 14:50:00,41.890128925,-87.765212935
THEFT,2025-03-15 14:50:00,41.88946287,-87.624222942
BATTERY,2025-03-15 14:50:00,41.659004469,-87.635276214
ASSAULT,2025-03-15 14:47:00,41.78528946,-87.606034015
THEFT,2025-03-15 14:45:00,41.847326411,-87.723406263
NARCOTICS,2025-03-15 14:43:00,41.880186421,-87.768532463
CRIMINAL DAMAGE,2025-03-15 14:40:00,41.751484728,-87.661852377
WEAPONS VIOLATION,2025-03-15 14:40:00,41.923440051,-87.72429503
ASSAULT,2025-03-15 14:38:00,41.838026577,-87.647590804
BATTERY,2025-03-15 14:35:00,41.655791542,-87.596266018
THEFT,2025-03-15 14:35:00,41.910764867,-87.658120918
MOTOR VEHICLE THEFT,2025-03-15 14:30:00,41.840714468,-87.66408738
THEFT,2025-03-15 14:30:00,41.847528336,-87.665950577
DECEPTIVE PRACTICE,2025-03-15 14:30:00,41.889203579,-87.631600408
OTHER OFFENSE,2025-03-15 14:30:00,41.70282428,-87.642705023
THEFT,2025-03-15 14:30:00,41.937853298,-87.669923635
CRIMINAL DAMAGE,2025-03-15 14:30:00,41.885651592,-87.64826059
BATTERY,2025-03-15 14:30:00,41.972700187,-87.73185743
NARCOTICS,2025-03-15 14:29:00,41.880259491,-87.763879259
ASSAULT,2025-03-15 14:28:00,41.773201693,-87.661607587
ASSAULT,2025-03-15 14:25:00,41.816041501,-87.723882944
ASSAULT,2025-03-15 14:23:00,41.659040991,-87.634060865
CRIMINAL DAMAGE,2025-03-15 14:22:00,41.827272674,-87.633179742
BATTERY,2025-03-15 14:20:00,41.658282323,-87.603406488
MOTOR VEHICLE THEFT,2025-03-15 14:15:00,41.837871585,-87.623435005
ASSAULT,2025-03-15 14:10:00,41.756066833,-87.57608378
BATTERY,2025-03-15 14:08:00,41.947247623,-87.653652101
BATTERY,2025-03-15 14:07:00,41.867072031,-87.72612265
THEFT,2025-03-15 14:00:00,41.891062111,-87.617043461
BATTERY,2025-03-15 14:00:00,41.895675136,-87.628569146
THEFT,2025-03-15 14:00:00,41.889440391,-87.644881694
BATTERY,2025-03-15 14:00:00,41.952163065,-87.757111413
MOTOR VEHICLE THEFT,2025-03-15 14:00:00,41.764343641,-87.575253369
BATTERY,2025-03-15 14:00:00,41.880383856,-87.75417643
THEFT,2025-03-15 14:00:00,41.890013771,-87.631705393
ASSAULT,2025-03-15 14:00:00,41.903936616,-87.726335518
ROBBERY,2025-03-15 14:00:00,41.889983621,-87.647611988
BATTERY,2025-03-15 14:00:00,41.88233367,-87.627841791
THEFT,2025-03-15 13:55:00,41.947180628,-87.657178037
ROBBERY,2025-03-15 13:55:00,41.88529876,-87.624489335
THEFT,2025-03-15 13:43:00,41.932787468,-87.711096976
MOTOR VEHICLE THEFT,2025-03-15 13:40:00,41.96194719,-87.715611558
THEFT,2025-03-15 13:33:00,41.723227523,-87.611760157
THEFT,2025-03-15 13:30:00,41.834042232,-87.674368991
