primary_type,date,latitude,longitude,temperature,humidity,wind_speed
DECEPTIVE PRACTICE,2025-03-08 00:00:00,41.736798357,-87.654578627,0.97,72,0.45
CRIMINAL DAMAGE,2025-03-08 00:00:00,41.901438088,-87.752079758,0.97,72,0.45
BATTERY,2025-03-08 00:00:00,41.852571947,-87.725712905,0.97,72,0.45
OTHER OFFENSE,2025-03-08 00:00:00,41.658159346,-87.613496976,0.97,72,0.45
MOTOR VEHICLE THEFT,2025-03-08 00:00:00,41.766946791,-87.57632241,0.97,72,0.45
OFFENSE INVOLVING CHILDREN,2025-03-08 00:00:00,41.777838294,-87.615566126,0.97,72,0.45
THEFT,2025-03-08 00:00:00,41.975729415,-87.654989539,0.97,72,0.45
THEFT,2025-03-08 00:00:00,41.863642218,-87.627331436,0.97,72,0.45
THEFT,2025-03-08 00:00:00,41.926752802,-87.642448526,0.97,72,0.45
CRIMINAL DAMAGE,2025-03-08 00:00:00,41.745324922,-87.601380733,0.97,72,0.45
CRIMINAL DAMAGE,2025-03-08 00:00:00,41.939596414,-87.64438656,0.97,72,0.45
BATTERY,2025-03-07 23:54:00,41.97008868,-87.762690091,0.97,72,0.45
WEAPONS VIOLATION,2025-03-07 23:51:00,41.872765826,-87.707115579,0.97,72,0.45
BATTERY,2025-03-07 23:50:00,41.880966348,-87.706741745,0.97,72,0.45
BATTERY,2025-03-07 23:35:00,41.792980746,-87.677925125,0.97,72,0.45
ASSAULT,2025-03-07 23:35:00,41.714499875,-87.559764047,0.97,72,0.45
BATTERY,2025-03-07 23:30:00,41.801893026,-87.69280188,0.97,72,0.45
ASSAULT,2025-03-07 23:30:00,41.950104268,-87.650401487,0.97,72,0.45
MOTOR VEHICLE THEFT,2025-03-07 23:30:00,41.908628201,-87.670079367,0.97,72,0.45
MOTOR VEHICLE THEFT,2025-03-07 23:30:00,41.777350057,-87.637462563,0.97,72,0.45
NARCOTICS,2025-03-07 23:25:00,41.781595812,-87.615659881,0.97,72,0.45
THEFT,2025-03-07 23:25:00,41.751839536,-87.645287587,0.97,72,0.45
BATTERY,2025-03-07 23:19:00,41.751771745,-87.563245313,0.97,72,0.45
THEFT,2025-03-07 23:15:00,41.943108594,-87.649366085,0.97,72,0.45
OTHER OFFENSE,2025-03-07 23:14:00,41.953527155,-87.757154271,0.97,72,0.45
BATTERY,2025-03-07 23:11:00,41.769070498,-87.626668445,0.97,72,0.45
THEFT,2025-03-07 23:10:00,41.896704284,-87.626346662,0.97,72,0.45
BURGLARY,2025-03-07 23:01:00,41.866184544,-87.724361483,0.97,72,0.45
BATTERY,2025-03-07 23:00:00,41.884808053,-87.756450067,0.97,72,0.45
ASSAULT,2025-03-07 23:00:00,41.72802938,-87.662840357,0.97,72,0.45
PUBLIC PEACE VIOLATION,2025-03-07 23:00:00,41.872497397,-87.710742126,0.97,72,0.45
BURGLARY,2025-03-07 23:00:00,41.89998654,-87.71890157,0.97,72,0.45
THEFT,2025-03-07 23:00:00,41.801893026,-87.69280188,0.97,72,0.45
NARCOTICS,2025-03-07 23:00:00,41.908436744,-87.692421212,0.97,72,0.45
MOTOR VEHICLE THEFT,2025-03-07 22:46:00,41.67712508,-87.621803711,0.97,72,0.45
BATTERY,2025-03-07 22:45:00,41.929420671,-87.669511228,0.97,72,0.45
BATTERY,2025-03-07 22:40:00,41.954537863,-87.65114825,0.97,72,0.45
CRIMINAL DAMAGE,2025-03-07 22:38:00,41.81511207,-87.67242808,0.97,72,0.45
WEAPONS VIOLATION,2025-03-07 22:37:00,41.74070143,-87.604939815,0.97,72,0.45
CRIMINAL DAMAGE,2025-03-07 22:34:00,41.785390363,-87.634222283,0.97,72,0.45
THEFT,2025-03-07 22:30:00,41.877497517,-87.760316286,0.97,72,0.45
THEFT,2025-03-07 22:30:00,41.899880145,-87.716459894,0.97,72,0.45
BATTERY,2025-03-07 22:29:00,41.84528672,-87.622127226,0.97,72,0.45
ASSAULT,2025-03-07 22:29:00,41.856581054,-87.719985296,0.97,72,0.45
ASSAULT,2025-03-07 22:26:00,41.838509873,-87.686433211,0.97,72,0.45
CRIMINAL DAMAGE,2025-03-07 22:20:00,41.707756212,-87.580708771,0.97,72,0.45
WEAPONS VIOLATION,2025-03-07 22:20:00,41.876071995,-87.687670168,0.97,72,0.45
OTHER OFFENSE,2025-03-07 22:16:00,41.879869431,-87.685127584,0.97,72,0.45
MOTOR VEHICLE THEFT,2025-03-07 22:14:00,41.739427398,-87.663461946,0.97,72,0.45
CRIMINAL DAMAGE,2025-03-07 22:12:00,41.795111477,-87.67190382,0.97,72,0.45
THEFT,2025-03-07 22:11:00,41.939566852,-87.724623088,0.97,72,0.45
OTHER OFFENSE,2025-03-07 22:05:00,41.895003278,-87.62152816,0.97,72,0.45
THEFT,2025-03-07 22:00:00,41.962853615,-87.783219984,0.97,72,0.45
CRIMINAL SEXUAL ASSAULT,2025-03-07 22:00:00,41.873219626,-87.675868666,0.97,72,0.45
MOTOR VEHICLE THEFT,2025-03-07 22:00:00,41.849191366,-87.693930516,0.97,72,0.45
THEFT,2025-03-07 22:00:00,41.933788118,-87.663607723,0.97,72,0.45
BURGLARY,2025-03-07 22:00:00,41.972495172,-87.756067678,0.97,72,0.45
CRIMINAL DAMAGE,2025-03-07 22:00:00,41.772539378,-87.739673596,0.97,72,0.45
WEAPONS VIOLATION,2025-03-07 21:58:00,41.773636117,-87.648269776,0.97,72,0.45
BATTERY,2025-03-07 21:50:00,41.910016784,-87.752663224,0.97,72,0.45
BATTERY,2025-03-07 21:45:00,41.870475027,-87.74352294,0.97,72,0.45
BATTERY,2025-03-07 21:44:00,41.855810178,-87.72727167,0.97,72,0.45
THEFT,2025-03-07 21:43:00,42.005887804,-87.661005031,0.97,72,0.45
WEAPONS VIOLATION,2025-03-07 21:41:00,41.794623883,-87.704811029,0.97,72,0.45
CRIMINAL DAMAGE,2025-03-07 21:40:00,41.842038937,-87.718395664,0.97,72,0.45
OTHER OFFENSE,2025-03-07 21:35:00,42.021158833,-87.671332737,0.97,72,0.45
NARCOTICS,2025-03-07 21:35:00,41.881120698,-87.7648888,0.97,72,0.45
THEFT,2025-03-07 21:30:00,41.986806966,-87.690135021,0.97,72,0.45
THEFT,2025-03-07 21:30:00,,,0.97,72,0.45
OTHER OFFENSE,2025-03-07 21:30:00,41.753683408,-87.652608637,0.97,72,0.45
HOMICIDE,2025-03-07 21:29:00,41.848986896,-87.733344385,0.97,72,0.45
THEFT,2025-03-07 21:25:00,41.948602785,-87.648031778,0.97,72,0.45
OTHER OFFENSE,2025-03-07 21:22:00,41.87842899,-87.75835446,0.97,72,0.45
BATTERY,2025-03-07 21:21:00,41.976762981,-87.900983721,0.97,72,0.45
CRIMINAL DAMAGE,2025-03-07 21:09:00,41.791491872,-87.716821819,0.97,72,0.45
CRIMINAL DAMAGE,2025-03-07 21:08:00,41.895870035,-87.758076837,0.97,72,0.45
CRIMINAL DAMAGE,2025-03-07 21:00:00,41.856833659,-87.708302515,0.97,72,0.45
KIDNAPPING,2025-03-07 21:00:00,41.715913582,-87.57463971,0.97,72,0.45
BURGLARY,2025-03-07 21:00:00,41.92265785,-87.782981142,0.97,72,0.45
SEX OFFENSE,2025-03-07 21:00:00,41.781669476,-87.72650741,0.97,72,0.45
CRIMINAL DAMAGE,2025-03-07 20:54:00,41.846194994,-87.716579511,0.97,72,0.45
ARSON,2025-03-07 20:52:00,41.848986896,-87.733344385,0.97,72,0.45
THEFT,2025-03-07 20:40:00,41.830441145,-87.670923807,0.97,72,0.45
THEFT,2025-03-07 20:37:00,41.773320568,-87.587465382,0.97,72,0.45
ASSAULT,2025-03-07 20:32:00,41.904947605,-87.68051351,0.97,72,0.45
MOTOR VEHICLE THEFT,2025-03-07 20:30:00,41.86187256,-87.716505967,0.97,72,0.45
CRIMINAL DAMAGE,2025-03-07 20:30:00,41.869959277,-87.714353824,0.97,72,0.45
ASSAULT,2025-03-07 20:30:00,41.743387373,-87.60136976,0.97,72,0.45
ROBBERY,2025-03-07 20:30:00,41.895826124,-87.726096446,0.97,72,0.45
MOTOR VEHICLE THEFT,2025-03-07 20:30:00,41.882885017,-87.769852743,0.97,72,0.45
OTHER OFFENSE,2025-03-07 20:27:00,41.767528356,-87.669958503,0.97,72,0.45
NARCOTICS,2025-03-07 20:23:00,41.743031783,-87.605008748,0.97,72,0.45
NARCOTICS,2025-03-07 20:22:00,41.865035918,-87.643983468,0.97,72,0.45
BATTERY,2025-03-07 20:21:00,41.745640612,-87.580163873,0.97,72,0.45
BATTERY,2025-03-07 20:20:00,41.877493421,-87.760595391,0.97,72,0.45
ASSAULT,2025-03-07 20:20:00,41.896568854,-87.636063322,0.97,72,0.45
BATTERY,2025-03-07 20:19:00,41.885150434,-87.652125613,0.97,72,0.45
THEFT,2025-03-07 20:18:00,41.86821682,-87.6304532,0.97,72,0.45
CRIMINAL DAMAGE,2025-03-07 20:10:00,41.866342973,-87.621618551,0.97,72,0.45
NARCOTICS,2025-03-07 20:07:00,41.798754469,-87.659851819,0.97,72,0.45
BATTERY,2025-03-07 20:05:00,41.972364558,-87.656304974,0.97,72,0.45
THEFT,2025-03-07 20:04:00,41.948131367,-87.649510899,0.97,72,0.45
THEFT,2025-03-07 20:03:00,41.939262335,-87.71335694,0.97,72,0.45
MOTOR VEHICLE THEFT,2025-03-07 20:00:00,41.775314194,-87.703654131,0.97,72,0.45
MOTOR VEHICLE THEFT,2025-03-07 20:00:00,41.78969653,-87.778051123,0.97,72,0.45
CRIMINAL DAMAGE,2025-03-07 20:00:00,41.806495867,-87.621140619,0.97,72,0.45
CRIMINAL DAMAGE,2025-03-07 20:00:00,41.736345248,-87.623198545,0.97,72,0.45
MOTOR VEHICLE THEFT,2025-03-07 20:00:00,41.761594639,-87.574955848,0.97,72,0.45
OFFENSE INVOLVING CHILDREN,2025-03-07 20:00:00,41.992680562,-87.700688526,0.97,72,0.45
THEFT,2025-03-07 20:00:00,41.677661758,-87.652872258,0.97,72,0.45
CRIMINAL DAMAGE,2025-03-07 20:00:00,41.805654056,-87.622136589,0.97,72,0.45
ROBBERY,2025-03-07 20:00:00,41.877268465,-87.711536692,0.97,72,0.45
THEFT,2025-03-07 20:00:00,41.721237281,-87.6262294,0.97,72,0.45
ASSAULT,2025-03-07 20:00:00,41.791753169,-87.64630572,0.97,72,0.45
THEFT,2025-03-07 20:00:00,41.778681262,-87.637499499,0.97,72,0.45
THEFT,2025-03-07 20:00:00,41.899989717,-87.625105604,0.97,72,0.45
BATTERY,2025-03-07 20:00:00,41.926823206,-87.723171444,0.97,72,0.45
THEFT,2025-03-07 20:00:00,41.789822684,-87.647474083,0.97,72,0.45
BATTERY,2025-03-07 19:58:00,41.731838343,-87.64106442,0.97,72,0.45
BATTERY,2025-03-07 19:45:00,41.889023706,-87.649087622,0.97,72,0.45
ASSAULT,2025-03-07 19:42:00,41.866260112,-87.718457311,0.97,72,0.45
THEFT,2025-03-07 19:40:00,41.776832515,-87.683577859,0.97,72,0.45
ASSAULT,2025-03-07 19:33:00,41.89634807,-87.720001625,0.97,72,0.45
NARCOTICS,2025-03-07 19:30:00,41.707499107,-87.535281677,0.97,72,0.45
THEFT,2025-03-07 19:29:00,41.930946496,-87.788962647,0.97,72,0.45
ASSAULT,2025-03-07 19:12:00,41.838265972,-87.707294242,0.97,72,0.45
BURGLARY,2025-03-07 19:02:00,41.889951816,-87.716522372,0.97,72,0.45
OFFENSE INVOLVING CHILDREN,2025-03-07 19:02:00,41.777988606,-87.764990234,0.97,72,0.45
BURGLARY,2025-03-07 19:00:00,41.798839328,-87.66592789,0.97,72,0.45
MOTOR VEHICLE THEFT,2025-03-07 19:00:00,41.889625386,-87.662225562,0.97,72,0.45
MOTOR VEHICLE THEFT,2025-03-07 19:00:00,41.821177201,-87.626385646,0.97,72,0.45
MOTOR VEHICLE THEFT,2025-03-07 19:00:00,42.008217236,-87.69015119,0.97,72,0.45
BURGLARY,2025-03-07 19:00:00,41.76015578,-87.556752911,0.97,72,0.45
ASSAULT,2025-03-07 18:50:00,41.970966652,-87.742582068,0.97,72,0.45
THEFT,2025-03-07 18:50:00,41.890976131,-87.621752835,0.97,72,0.45
THEFT,2025-03-07 18:45:00,41.816627544,-87.704309791,0.97,72,0.45
DECEPTIVE PRACTICE,2025-03-07 18:45:00,41.891617443,-87.631875153,0.97,72,0.45
ASSAULT,2025-03-07 18:45:00,41.846416501,-87.698307294,0.97,72,0.45
DECEPTIVE PRACTICE,2025-03-07 18:45:00,41.891617443,-87.631875153,0.97,72,0.45
THEFT,2025-03-07 18:44:00,41.91058325,-87.726353375,0.97,72,0.45
THEFT,2025-03-07 18:40:00,41.736262166,-87.627977161,0.97,72,0.45
WEAPONS VIOLATION,2025-03-07 18:34:00,41.892505978,-87.626407653,0.97,72,0.45
BURGLARY,2025-03-07 18:32:00,41.839809174,-87.717106897,0.97,72,0.45
MOTOR VEHICLE THEFT,2025-03-07 18:30:00,41.754174689,-87.582153099,0.97,72,0.45
THEFT,2025-03-07 18:30:00,41.892862727,-87.770896286,0.97,72,0.45
CRIMINAL DAMAGE,2025-03-07 18:27:00,41.89678965,-87.751056726,0.97,72,0.45
CRIMINAL DAMAGE,2025-03-07 18:25:00,41.977774111,-87.77813772,0.97,72,0.45
THEFT,2025-03-07 18:22:00,41.680967067,-87.544435622,0.97,72,0.45
CRIMINAL DAMAGE,2025-03-07 18:22:00,,,0.97,72,0.45
NARCOTICS,2025-03-07 18:20:00,41.840696858,-87.716324044,0.97,72,0.45
THEFT,2025-03-07 18:16:00,41.695908161,-87.595822806,0.97,72,0.45
BATTERY,2025-03-07 18:16:00,41.730145605,-87.545284948,0.97,72,0.45
BATTERY,2025-03-07 18:14:00,41.701901554,-87.657835012,0.97,72,0.45
CRIMINAL TRESPASS,2025-03-07 18:12:00,41.870009847,-87.726399584,0.97,72,0.45
BATTERY,2025-03-07 18:11:00,41.793961228,-87.644290868,0.97,72,0.45
CRIMINAL DAMAGE,2025-03-07 18:06:00,42.000348471,-87.692393691,0.97,72,0.45
CRIMINAL SEXUAL ASSAULT,2025-03-07 18:00:00,41.898436079,-87.76973442,0.97,72,0.45
CRIMINAL DAMAGE,2025-03-07 18:00:00,41.886412671,-87.647495934,0.97,72,0.45
ASSAULT,2025-03-07 18:00:00,42.012523216,-87.680974794,0.97,72,0.45
THEFT,2025-03-07 17:56:00,41.859904488,-87.726208818,0.97,72,0.45
WEAPONS VIOLATION,2025-03-07 17:56:00,41.875136633,-87.735919821,0.97,72,0.45
OTHER OFFENSE,2025-03-07 17:52:00,41.865568567,-87.709300466,0.97,72,0.45
BATTERY,2025-03-07 17:51:00,41.811193453,-87.694290206,0.97,72,0.45
ROBBERY,2025-03-07 17:50:00,41.712310931,-87.605282405,0.97,72,0.45
MOTOR VEHICLE THEFT,2025-03-07 17:50:00,41.78260047,-87.70368551,0.97,72,0.45
THEFT,2025-03-07 17:43:00,41.706204287,-87.699685293,0.97,72,0.45
BATTERY,2025-03-07 17:40:00,41.784399043,-87.663126037,0.97,72,0.45
DECEPTIVE PRACTICE,2025-03-07 17:37:00,41.845386764,-87.642109821,0.97,72,0.45
THEFT,2025-03-07 17:34:00,41.963070794,-87.655984213,0.97,72,0.45
ROBBERY,2025-03-07 17:31:00,41.795991039,-87.630542489,0.97,72,0.45
BATTERY,2025-03-07 17:30:00,41.843922218,-87.6269207,0.97,72,0.45
ASSAULT,2025-03-07 17:30:00,41.74967273,-87.702391276,0.97,72,0.45
CRIMINAL DAMAGE,2025-03-07 17:29:00,41.919718041,-87.742518537,0.97,72,0.45
BATTERY,2025-03-07 17:25:00,41.844377423,-87.715396861,0.97,72,0.45
THEFT,2025-03-07 17:24:00,41.994019837,-87.713281946,0.97,72,0.45
ASSAULT,2025-03-07 17:20:00,41.830530933,-87.610277459,0.97,72,0.45
BATTERY,2025-03-07 17:20:00,41.895558372,-87.705897593,0.97,72,0.45
DECEPTIVE PRACTICE,2025-03-07 17:20:00,41.885888079,-87.627942238,0.97,72,0.45
THEFT,2025-03-07 17:17:00,41.930906002,-87.644017035,0.97,72,0.45
THEFT,2025-03-07 17:16:00,41.758331912,-87.653941271,0.97,72,0.45
CRIMINAL TRESPASS,2025-03-07 17:10:00,41.962997708,-87.654760597,0.97,72,0.45
MOTOR VEHICLE THEFT,2025-03-07 17:10:00,41.853004763,-87.618782294,0.97,72,0.45
THEFT,2025-03-07 17:10:00,41.881722193,-87.624356274,0.97,72,0.45
BATTERY,2025-03-07 17:08:00,41.77255742,-87.574023883,0.97,72,0.45
INTERFERENCE WITH PUBLIC OFFICER,2025-03-07 17:02:00,41.885720867,-87.74703679,0.97,72,0.45
THEFT,2025-03-07 17:01:00,41.975370278,-87.744023432,0.97,72,0.45
CRIMINAL DAMAGE,2025-03-07 17:01:00,41.790439233,-87.615872939,0.97,72,0.45
BATTERY,2025-03-07 17:00:00,41.891948167,-87.628073894,0.97,72,0.45
CRIMINAL DAMAGE,2025-03-07 17:00:00,41.925886611,-87.678679535,0.97,72,0.45
CRIMINAL DAMAGE,2025-03-07 17:00:00,41.90269612,-87.673579053,0.97,72,0.45
THEFT,2025-03-07 17:00:00,41.859818912,-87.718889785,0.97,72,0.45
ROBBERY,2025-03-07 17:00:00,41.881086082,-87.695096188,0.97,72,0.45
THEFT,2025-03-07 17:00:00,41.890540948,-87.645817429,0.97,72,0.45
CRIMINAL DAMAGE,2025-03-07 17:00:00,41.795295798,-87.706740771,0.97,72,0.45
ASSAULT,2025-03-07 17:00:00,41.839046639,-87.632904623,0.97,72,0.45
WEAPONS VIOLATION,2025-03-07 16:57:00,41.852023717,-87.686627405,0.97,72,0.45
ROBBERY,2025-03-07 16:49:00,41.758285829,-87.56393345,0.97,72,0.45
BATTERY,2025-03-07 16:44:00,41.729750347,-87.662888405,0.97,72,0.45
CRIMINAL DAMAGE,2025-03-07 16:43:00,41.8567346,-87.67725623,0.97,72,0.45
OTHER OFFENSE,2025-03-07 16:40:00,41.861440662,-87.736036312,0.97,72,0.45
DECEPTIVE PRACTICE,2025-03-07 16:40:00,41.936706844,-87.72711644,0.97,72,0.45
THEFT,2025-03-07 16:40:00,41.877822179,-87.655181405,0.97,72,0.45
BATTERY,2025-03-07 16:35:00,41.781099015,-87.64846533,0.97,72,0.45
OTHER OFFENSE,2025-03-07 16:34:00,41.978567689,-87.697308633,0.97,72,0.45
NARCOTICS,2025-03-07 16:31:00,41.870140733,-87.697338234,0.97,72,0.45
CRIMINAL DAMAGE,2025-03-07 16:30:00,41.968408072,-87.712747145,0.97,72,0.45
DECEPTIVE PRACTICE,2025-03-07 16:30:00,41.703741809,-87.53286726,0.97,72,0.45
BATTERY,2025-03-07 16:30:00,41.874606771,-87.688683639,0.97,72,0.45
OTHER OFFENSE,2025-03-07 16:30:00,41.956295136,-87.724019073,0.97,72,0.45
THEFT,2025-03-07 16:30:00,41.895548745,-87.637543608,0.97,72,0.45
DECEPTIVE PRACTICE,2025-03-07 16:30:00,41.845691143,-87.620078491,0.97,72,0.45
THEFT,2025-03-07 16:27:00,41.938803166,-87.644358344,0.97,72,0.45
THEFT,2025-03-07 16:25:00,41.810707298,-87.603919835,0.97,72,0.45
OTHER OFFENSE,2025-03-07 16:24:00,41.979204912,-87.842203421,0.97,72,0.45
CRIMINAL DAMAGE,2025-03-07 16:15:00,41.925246375,-87.661433463,0.97,72,0.45
CRIMINAL TRESPASS,2025-03-07 16:14:00,41.78211045,-87.612823613,0.97,72,0.45
BATTERY,2025-03-07 16:13:00,41.954233907,-87.723957827,0.97,72,0.45
THEFT,2025-03-07 16:12:00,41.772540956,-87.574024077,0.97,72,0.45
BATTERY,2025-03-07 16:10:00,41.932730353,-87.708664607,0.97,72,0.45
BURGLARY,2025-03-07 16:07:00,41.833268429,-87.672949527,0.97,72,0.45
BATTERY,2025-03-07 16:00:00,41.86924633,-87.626943015,0.97,72,0.45
DECEPTIVE PRACTICE,2025-03-07 16:00:00,41.882446221,-87.627847897,0.97,72,0.45
THEFT,2025-03-07 16:00:00,41.925645865,-87.678329225,0.97,72,0.45
BATTERY,2025-03-07 16:00:00,41.7937201,-87.692230505,0.97,72,0.45
BURGLARY,2025-03-07 16:00:00,41.726217231,-87.567419012,0.97,72,0.45
THEFT,2025-03-07 16:00:00,41.925246375,-87.661433463,0.97,72,0.45
CRIMINAL DAMAGE,2025-03-07 16:00:00,41.854060901,-87.672331914,0.97,72,0.45
DECEPTIVE PRACTICE,2025-03-07 16:00:00,41.772864893,-87.621179176,0.97,72,0.45
THEFT,2025-03-07 16:00:00,41.976182125,-87.876421145,0.97,72,0.45
BATTERY,2025-03-07 16:00:00,41.898119097,-87.717622858,0.97,72,0.45
THEFT,2025-03-07 16:00:00,41.878062394,-87.743427474,0.97,72,0.45
THEFT,2025-03-07 15:59:00,41.921904892,-87.642636783,0.97,72,0.45
THEFT,2025-03-07 15:55:00,41.911675961,-87.634726954,0.97,72,0.45
BATTERY,2025-03-07 15:54:00,41.779059693,-87.615596501,0.97,72,0.45
CRIMINAL DAMAGE,2025-03-07 15:54:00,41.882364871,-87.626222,0.97,72,0.45
OTHER OFFENSE,2025-03-07 15:50:00,41.765254159,-87.641255151,0.97,72,0.45
NARCOTICS,2025-03-07 15:50:00,41.738484259,-87.603246452,0.97,72,0.45
THEFT,2025-03-07 15:49:00,41.772907566,-87.683470834,0.97,72,0.45
THEFT,2025-03-07 15:49:00,41.79473381,-87.620244031,0.97,72,0.45
OTHER OFFENSE,2025-03-07 15:45:00,41.881847601,-87.641772074,0.97,72,0.45
WEAPONS VIOLATION,2025-03-07 15:41:00,41.768636896,-87.658154442,0.97,72,0.45
BATTERY,2025-03-07 15:40:00,42.019870961,-87.673090474,0.97,72,0.45
THEFT,2025-03-07 15:37:00,41.772907566,-87.683470834,0.97,72,0.45
THEFT,2025-03-07 15:35:00,41.969090767,-87.728052386,0.97,72,0.45
THEFT,2025-03-07 15:34:00,41.879235852,-87.624347038,0.97,72,0.45
THEFT,2025-03-07 15:32:00,41.963070794,-87.655984213,0.97,72,0.45
ASSAULT,2025-03-07 15:30:00,41.745572921,-87.692508179,0.97,72,0.45
ASSAULT,2025-03-07 15:30:00,41.776964275,-87.683583862,0.97,72,0.45
BATTERY,2025-03-07 15:30:00,41.878406274,-87.647254743,0.97,72,0.45
CRIMINAL DAMAGE,2025-03-07 15:30:00,41.893183866,-87.634487765,0.97,72,0.45
DECEPTIVE PRACTICE,2025-03-07 15:30:00,41.963128378,-87.690336461,0.97,72,0.45
THEFT,2025-03-07 15:30:00,41.972900877,-87.659774452,0.97,72,0.45
THEFT,2025-03-07 15:30:00,41.91342252,-87.663016067,0.97,72,0.45
OTHER OFFENSE,2025-03-07 15:30:00,41.892213756,-87.751895283,0.97,72,0.45
THEFT,2025-03-07 15:28:00,41.906600961,-87.65054206,0.97,72,0.45
THEFT,2025-03-07 15:25:00,41.896065069,-87.625486884,0.97,72,0.45
ASSAULT,2025-03-07 15:20:00,42.001822361,-87.689987495,0.97,72,0.45
NARCOTICS,2025-03-07 15:20:00,41.831881927,-87.616977126,0.97,72,0.45
ROBBERY,2025-03-07 15:19:00,41.777410704,-87.731273331,0.97,72,0.45
THEFT,2025-03-07 15:19:00,41.953439027,-87.746258499,0.97,72,0.45
THEFT,2025-03-07 15:19:00,41.920242275,-87.687496983,0.97,72,0.45
ROBBERY,2025-03-07 15:15:00,41.871417325,-87.680315079,0.97,72,0.45
THEFT,2025-03-07 15:15:00,41.910620259,-87.705672961,0.97,72,0.45
BATTERY,2025-03-07 15:12:00,41.878633536,-87.725598276,0.97,72,0.45
WEAPONS VIOLATION,2025-03-07 15:10:00,41.746545819,-87.6439223,0.97,72,0.45
BATTERY,2025-03-07 15:10:00,41.767524072,-87.674459981,0.97,72,0.45
BATTERY,2025-03-07 15:06:00,41.742647825,-87.651098285,0.97,72,0.45
WEAPONS VIOLATION,2025-03-07 15:05:00,41.78077994,-87.661821815,0.97,72,0.45
DECEPTIVE PRACTICE,2025-03-07 15:04:00,41.856083523,-87.627164967,0.97,72,0.45
DECEPTIVE PRACTICE,2025-03-07 15:00:00,41.758332988,-87.619272728,0.97,72,0.45
ASSAULT,2025-03-07 15:00:00,41.695850199,-87.609147971,0.97,72,0.45
THEFT,2025-03-07 15:00:00,41.974258856,-87.724561315,0.97,72,0.45
THEFT,2025-03-07 15:00:00,,,0.97,72,0.45
THEFT,2025-03-07 15:00:00,41.892509386,-87.626069718,0.97,72,0.45
THEFT,2025-03-07 15:00:00,41.886795916,-87.64779665,0.97,72,0.45
THEFT,2025-03-07 15:00:00,,,0.97,72,0.45
WEAPONS VIOLATION,2025-03-07 14:57:00,41.862866691,-87.714088165,0.97,72,0.45
OTHER OFFENSE,2025-03-07 14:54:00,41.867436641,-87.62540628,0.97,72,0.45
THEFT,2025-03-07 14:53:00,41.88171846,-87.627760426,0.97,72,0.45
ASSAULT,2025-03-07 14:45:00,41.880655171,-87.731685867,0.97,72,0.45
ASSAULT,2025-03-07 14:45:00,41.819192605,-87.626752323,0.97,72,0.45
OTHER OFFENSE,2025-03-07 14:45:00,41.708280992,-87.642870023,0.97,72,0.45
THEFT,2025-03-07 14:45:00,41.97443857,-87.81119077,0.97,72,0.45
THEFT,2025-03-07 14:40:00,,,0.97,72,0.45
ASSAULT,2025-03-07 14:35:00,41.816229907,-87.606696541,0.97,72,0.45
ROBBERY,2025-03-07 14:33:00,41.931761455,-87.746604326,0.97,72,0.45
THEFT,2025-03-07 14:30:00,41.872945426,-87.629153024,0.97,72,0.45
THEFT,2025-03-07 14:30:00,41.90800034,-87.774345287,0.97,72,0.45
OFFENSE INVOLVING CHILDREN,2025-03-07 14:30:00,41.704026818,-87.618555581,0.97,72,0.45
THEFT,2025-03-07 14:30:00,41.86331852,-87.664960391,0.97,72,0.45
ASSAULT,2025-03-07 14:30:00,41.968763818,-87.688661831,0.97,72,0.45
BATTERY,2025-03-07 14:20:00,41.875820724,-87.647175913,0.97,72,0.45
BATTERY,2025-03-07 14:17:00,41.885326396,-87.633919718,0.97,72,0.45
OTHER OFFENSE,2025-03-07 14:16:00,41.802855321,-87.606422225,0.97,72,0.45
THEFT,2025-03-07 14:15:00,41.808384413,-87.618126623,0.97,72,0.45
OTHER OFFENSE,2025-03-07 14:12:00,41.905672388,-87.69078474,0.97,72,0.45
OTHER OFFENSE,2025-03-07 14:10:00,41.877654733,-87.747958745,0.97,72,0.45
THEFT,2025-03-07 14:06:00,41.810693516,-87.683929054,0.97,72,0.45
NARCOTICS,2025-03-07 14:05:00,42.019385566,-87.673147017,0.97,72,0.45
THEFT,2025-03-07 14:05:00,41.880775433,-87.627029031,0.97,72,0.45
ASSAULT,2025-03-07 14:05:00,41.996799723,-87.891949092,0.97,72,0.45
BATTERY,2025-03-07 14:00:00,41.885753511,-87.627032961,0.97,72,0.45
THEFT,2025-03-07 14:00:00,41.97855782,-87.836588785,0.97,72,0.45
MOTOR VEHICLE THEFT,2025-03-07 14:00:00,41.867293733,-87.711651717,0.97,72,0.45
THEFT,2025-03-07 14:00:00,41.891372662,-87.74677209,0.97,72,0.45
THEFT,2025-03-07 14:00:00,41.877981539,-87.644608125,0.97,72,0.45
ASSAULT,2025-03-07 13:57:00,41.979280568,-87.898381198,0.97,72,0.45
DECEPTIVE PRACTICE,2025-03-07 13:53:00,41.931253384,-87.806511995,0.97,72,0.45
NARCOTICS,2025-03-07 13:53:00,41.930364,-87.726937627,0.97,72,0.45
CRIMINAL TRESPASS,2025-03-07 13:51:00,41.877480915,-87.692278962,0.97,72,0.45
BATTERY,2025-03-07 13:50:00,41.935115393,-87.68205092,0.97,72,0.45
THEFT,2025-03-07 13:50:00,41.926484632,-87.785553657,0.97,72,0.45
CRIMINAL DAMAGE,2025-03-07 13:45:00,41.900817521,-87.774110401,0.97,72,0.45
ROBBERY,2025-03-07 13:30:00,41.87835166,-87.680248158,0.97,72,0.45
THEFT,2025-03-07 13:30:00,41.859842286,-87.651546303,0.97,72,0.45
NARCOTICS,2025-03-07 13:30:00,41.88465094,-87.75522124,0.97,72,0.45
BATTERY,2025-03-07 13:30:00,41.677810006,-87.642302645,0.97,72,0.45
OTHER OFFENSE,2025-03-07 13:30:00,41.941014259,-87.719180478,0.97,72,0.45
NARCOTICS,2025-03-07 13:29:00,41.758386074,-87.684680253,0.97,72,0.45
BATTERY,2025-03-07 13:26:00,41.876121224,-87.641003973,0.97,72,0.45
WEAPONS VIOLATION,2025-03-07 13:20:00,41.903450628,-87.631433403,0.97,72,0.45
THEFT,2025-03-07 13:19:00,41.808293763,-87.693486392,0.97,72,0.45
THEFT,2025-03-07 13:16:00,41.999694408,-87.681021229,0.97,72,0.45
CRIMINAL TRESPASS,2025-03-07 13:16:00,41.892904362,-87.614547398,0.97,72,0.45
OTHER OFFENSE,2025-03-07 13:07:00,41.768371003,-87.680041526,0.97,72,0.45
BURGLARY,2025-03-07 13:05:00,,,0.97,72,0.45
BATTERY,2025-03-07 13:00:00,41.848095703,-87.68063306,0.97,72,0.45
MOTOR VEHICLE THEFT,2025-03-07 13:00:00,41.750476891,-87.601523766,0.97,72,0.45
BATTERY,2025-03-07 13:00:00,41.878743645,-87.736124908,0.97,72,0.45
THEFT,2025-03-07 13:00:00,41.919182606,-87.71077722,0.97,72,0.45
DECEPTIVE PRACTICE,2025-03-07 13:00:00,41.892816145,-87.624193198,0.97,72,0.45
THEFT,2025-03-07 13:00:00,41.883824914,-87.738031259,0.97,72,0.45
ASSAULT,2025-03-07 13:00:00,41.939324458,-87.72964979,0.97,72,0.45
THEFT,2025-03-07 13:00:00,41.953606977,-87.65289707,0.97,72,0.45
CRIMINAL DAMAGE,2025-03-07 13:00:00,41.781315845,-87.615652004,0.97,72,0.45
OTHER OFFENSE,2025-03-07 12:58:00,41.785816528,-87.734432399,0.97,72,0.45
BATTERY,2025-03-07 12:55:00,41.806890268,-87.589834384,0.97,72,0.45
THEFT,2025-03-07 12:55:00,41.882394062,-87.627844798,0.97,72,0.45
NARCOTICS,2025-03-07 12:55:00,41.890703831,-87.70640419,0.97,72,0.45
THEFT,2025-03-07 12:52:00,41.772681233,-87.631918784,0.97,72,0.45
CRIMINAL TRESPASS,2025-03-07 12:50:00,41.756115887,-87.605326291,0.97,72,0.45
NARCOTICS,2025-03-07 12:48:00,41.8317447,-87.616974986,0.97,72,0.45
BURGLARY,2025-03-07 12:48:00,41.753428709,-87.669583295,0.97,72,0.45
NARCOTICS,2025-03-07 12:44:00,41.889533559,-87.749374451,0.97,72,0.45
OTHER OFFENSE,2025-03-07 12:40:00,41.657906256,-87.600373405,0.97,72,0.45
OTHER OFFENSE,2025-03-07 12:33:00,41.798681311,-87.65256172,0.97,72,0.45
DECEPTIVE PRACTICE,2025-03-07 12:30:00,41.742991296,-87.632025815,0.97,72,0.45
THEFT,2025-03-07 12:30:00,41.657905826,-87.599875727,0.97,72,0.45
NARCOTICS,2025-03-07 12:28:00,41.852868298,-87.63091491,0.97,72,0.45
BURGLARY,2025-03-07 12:25:00,41.786980919,-87.615790496,0.97,72,0.45
SEX OFFENSE,2025-03-07 12:22:00,41.972617588,-87.71425447,0.97,72,0.45
NARCOTICS,2025-03-07 12:21:00,41.729458085,-87.544274901,0.97,72,0.45
BATTERY,2025-03-07 12:20:00,41.898154306,-87.713964084,0.97,72,0.45
CRIMINAL TRESPASS,2025-03-07 12:17:00,41.893964478,-87.636047576,0.97,72,0.45
BATTERY,2025-03-07 12:15:00,41.773791399,-87.683986153,0.97,72,0.45
OFFENSE INVOLVING CHILDREN,2025-03-07 12:13:00,,,0.97,72,0.45
DECEPTIVE PRACTICE,2025-03-07 12:05:00,41.992841521,-87.697041472,0.97,72,0.45
DECEPTIVE PRACTICE,2025-03-07 12:05:00,41.891404732,-87.628061509,0.97,72,0.45
SEX OFFENSE,2025-03-07 12:00:00,41.87178962,-87.633564301,0.97,72,0.45
CRIMINAL DAMAGE,2025-03-07 12:00:00,41.812241807,-87.707254261,0.97,72,0.45
DECEPTIVE PRACTICE,2025-03-07 12:00:00,41.735684603,-87.60837457,0.97,72,0.45
THEFT,2025-03-07 12:00:00,41.899877007,-87.656935312,0.97,72,0.45
CRIMINAL DAMAGE,2025-03-07 12:00:00,41.885675573,-87.646761991,0.97,72,0.45
DECEPTIVE PRACTICE,2025-03-07 12:00:00,,,0.97,72,0.45
ASSAULT,2025-03-07 12:00:00,41.780454612,-87.602235272,0.97,72,0.45
DECEPTIVE PRACTICE,2025-03-07 12:00:00,41.918540127,-87.66013698,0.97,72,0.45
MOTOR VEHICLE THEFT,2025-03-07 12:00:00,41.73685718,-87.65944369,0.97,72,0.45
BATTERY,2025-03-07 12:00:00,41.688218178,-87.537357913,0.97,72,0.45
OTHER OFFENSE,2025-03-07 12:00:00,41.728470906,-87.628846372,0.97,72,0.45
BATTERY,2025-03-07 12:00:00,41.7128602,-87.592464611,0.97,72,0.45
THEFT,2025-03-07 11:55:00,41.850679839,-87.622232656,0.97,72,0.45
THEFT,2025-03-07 11:53:00,41.963070794,-87.655984213,0.97,72,0.45
BATTERY,2025-03-07 11:52:00,41.892421622,-87.70890326,0.97,72,0.45
OTHER OFFENSE,2025-03-07 11:51:00,41.974129858,-87.766357256,0.97,72,0.45
THEFT,2025-03-07 11:50:00,41.868030585,-87.686073261,0.97,72,0.45
OTHER OFFENSE,2025-03-07 11:40:00,41.965057367,-87.879953326,0.97,72,0.45
THEFT,2025-03-07 11:35:00,41.757614433,-87.586115266,0.97,72,0.45
NARCOTICS,2025-03-07 11:33:00,41.73602552,-87.64690363,0.97,72,0.45
BURGLARY,2025-03-07 11:30:00,41.791599711,-87.673018032,0.97,72,0.45
THEFT,2025-03-07 11:28:00,41.998734156,-87.660613118,0.97,72,0.45
ASSAULT,2025-03-07 11:25:00,41.827373751,-87.682568055,0.97,72,0.45
BATTERY,2025-03-07 11:25:00,41.76340431,-87.60916591,0.97,72,0.45
BATTERY,2025-03-07 11:23:00,41.74614647,-87.658474419,0.97,72,0.45
OTHER OFFENSE,2025-03-07 11:21:00,41.902057599,-87.69018182,0.97,72,0.45
THEFT,2025-03-07 11:20:00,41.948131367,-87.649510899,0.97,72,0.45
THEFT,2025-03-07 11:12:00,41.907122083,-87.721570017,0.97,72,0.45
BATTERY,2025-03-07 11:02:00,41.854963672,-87.627133239,0.97,72,0.45
OTHER OFFENSE,2025-03-07 11:00:00,41.880281672,-87.762267007,0.97,72,0.45
THEFT,2025-03-07 11:00:00,41.758434033,-87.563935345,0.97,72,0.45
CRIMINAL DAMAGE,2025-03-07 11:00:00,41.904611148,-87.768166632,0.97,72,0.45
DECEPTIVE PRACTICE,2025-03-07 11:00:00,41.910383131,-87.760584361,0.97,72,0.45
CRIMINAL DAMAGE,2025-03-07 11:00:00,41.844405825,-87.713029404,0.97,72,0.45
THEFT,2025-03-07 10:56:00,41.998734156,-87.660613118,0.97,72,0.45
ROBBERY,2025-03-07 10:55:00,41.769466772,-87.657874472,0.97,72,0.45
THEFT,2025-03-07 10:50:00,41.743503863,-87.60501807,0.97,72,0.45
ASSAULT,2025-03-07 10:50:00,41.872963554,-87.753663295,0.97,72,0.45
CRIMINAL TRESPASS,2025-03-07 10:49:00,41.881776822,-87.620767948,0.97,72,0.45
THEFT,2025-03-07 10:42:00,41.882254819,-87.763931315,0.97,72,0.45
BURGLARY,2025-03-07 10:37:00,41.978098009,-87.773633372,0.97,72,0.45
CRIMINAL DAMAGE,2025-03-07 10:37:00,41.88484412,-87.641284387,0.97,72,0.45
BATTERY,2025-03-07 10:32:00,41.886303497,-87.714765311,0.97,72,0.45
NARCOTICS,2025-03-07 10:31:00,41.855037411,-87.695549781,0.97,72,0.45
ASSAULT,2025-03-07 10:30:00,41.885729587,-87.625821329,0.97,72,0.45
HOMICIDE,2025-03-07 10:21:00,41.883148173,-87.743560636,0.97,72,0.45
OTHER OFFENSE,2025-03-07 10:18:00,41.779872827,-87.586450869,0.97,72,0.45
ASSAULT,2025-03-07 10:04:00,41.688218178,-87.537357913,0.97,72,0.45
CRIMINAL TRESPASS,2025-03-07 10:00:00,41.894446178,-87.713841976,0.97,72,0.45
OTHER OFFENSE,2025-03-07 10:00:00,41.903987456,-87.762467238,0.97,72,0.45
THEFT,2025-03-07 10:00:00,41.783081966,-87.613267388,0.97,72,0.45
THEFT,2025-03-07 10:00:00,41.974773411,-87.806396207,0.97,72,0.45
MOTOR VEHICLE THEFT,2025-03-07 10:00:00,41.877745403,-87.626074642,0.97,72,0.45
MOTOR VEHICLE THEFT,2025-03-07 10:00:00,41.764603788,-87.688913594,0.97,72,0.45
ASSAULT,2025-03-07 10:00:00,,,0.97,72,0.45
CRIMINAL DAMAGE,2025-03-07 10:00:00,41.765221043,-87.603097362,0.97,72,0.45
NARCOTICS,2025-03-07 09:57:00,41.967251681,-87.655767102,0.97,72,0.45
CRIMINAL DAMAGE,2025-03-07 09:45:00,41.69398576,-87.619508903,0.97,72,0.45
ASSAULT,2025-03-07 09:40:00,41.778754713,-87.617297398,0.97,72,0.45
THEFT,2025-03-07 09:39:00,41.990615196,-87.683188577,0.97,72,0.45
THEFT,2025-03-07 09:37:00,41.925078949,-87.673734337,0.97,72,0.45
ASSAULT,2025-03-07 09:37:00,42.00667112,-87.666861684,0.97,72,0.45
CRIMINAL DAMAGE,2025-03-07 09:35:00,41.757547678,-87.607813366,0.97,72,0.45
BATTERY,2025-03-07 09:30:00,41.877585867,-87.683123746,0.97,72,0.45
THEFT,2025-03-07 09:30:00,41.89163815,-87.630325026,0.97,72,0.45
CRIMINAL TRESPASS,2025-03-07 09:30:00,41.793082799,-87.660919654,0.97,72,0.45
THEFT,2025-03-07 09:25:00,41.887541087,-87.704646597,0.97,72,0.45
CRIMINAL DAMAGE,2025-03-07 09:25:00,41.734697529,-87.572018905,0.97,72,0.45
THEFT,2025-03-07 09:21:00,41.909636288,-87.745300725,0.97,72,0.45
THEFT,2025-03-07 09:20:00,41.794172544,-87.70357593,0.97,72,0.45
THEFT,2025-03-07 09:20:00,41.866125125,-87.657794171,0.97,72,0.45
ASSAULT,2025-03-07 09:15:00,41.744160299,-87.663284501,0.97,72,0.45
THEFT,2025-03-07 09:05:00,41.851912036,-87.694622835,0.97,72,0.45
DECEPTIVE PRACTICE,2025-03-07 09:00:00,41.980777857,-87.667021437,0.97,72,0.45
ROBBERY,2025-03-07 09:00:00,41.76060208,-87.584713464,0.97,72,0.45
BATTERY,2025-03-07 09:00:00,41.900870422,-87.624184899,0.97,72,0.45
ASSAULT,2025-03-07 09:00:00,41.976919956,-87.820460266,0.97,72,0.45
THEFT,2025-03-07 09:00:00,41.752278997,-87.656438527,0.97,72,0.45
OTHER OFFENSE,2025-03-07 09:00:00,41.823798151,-87.619756522,0.97,72,0.45
BURGLARY,2025-03-07 09:00:00,41.971105849,-87.721995153,0.97,72,0.45
THEFT,2025-03-07 09:00:00,41.903509764,-87.717806169,0.97,72,0.45
OTHER OFFENSE,2025-03-07 08:34:00,41.903196526,-87.751957281,0.97,72,0.45
OTHER OFFENSE,2025-03-07 08:33:00,41.751946521,-87.621406781,0.97,72,0.45
THEFT,2025-03-07 08:30:00,41.886018055,-87.633937881,0.97,72,0.45
BATTERY,2025-03-07 08:30:00,41.90314778,-87.756439292,0.97,72,0.45
BATTERY,2025-03-07 08:30:00,41.975729738,-87.710237831,0.97,72,0.45
BATTERY,2025-03-07 08:29:00,41.882139587,-87.71104513,0.97,72,0.45
NARCOTICS,2025-03-07 08:23:00,41.861794031,-87.717725509,0.97,72,0.45
BATTERY,2025-03-07 08:12:00,41.814377178,-87.604476134,0.97,72,0.45
BATTERY,2025-03-07 08:12:00,41.710887542,-87.564550209,0.97,72,0.45
ASSAULT,2025-03-07 08:10:00,41.899780312,-87.67716107,0.97,72,0.45
OTHER OFFENSE,2025-03-07 08:03:00,41.985379988,-87.709529491,0.97,72,0.45
BATTERY,2025-03-07 08:00:00,41.779112173,-87.693695901,0.97,72,0.45
ASSAULT,2025-03-07 08:00:00,41.896700571,-87.659973379,0.97,72,0.45
THEFT,2025-03-07 08:00:00,41.847609583,-87.711222061,0.97,72,0.45
MOTOR VEHICLE THEFT,2025-03-07 08:00:00,41.761127676,-87.611526301,0.97,72,0.45
THEFT,2025-03-07 08:00:00,41.908239128,-87.678312491,0.97,72,0.45
CRIMINAL DAMAGE,2025-03-07 08:00:00,41.903195408,-87.696889079,0.97,72,0.45
ASSAULT,2025-03-07 07:59:00,41.967538619,-87.713340244,0.97,72,0.45
BATTERY,2025-03-07 07:54:00,41.954035844,-87.796424031,0.97,72,0.45
ASSAULT,2025-03-07 07:31:00,41.93946076,-87.688108028,0.97,72,0.45
BURGLARY,2025-03-07 07:30:00,42.008439995,-87.666195635,0.97,72,0.45
BURGLARY,2025-03-07 07:30:00,41.895792239,-87.761732167,0.97,72,0.45
THEFT,2025-03-07 07:25:00,41.778340981,-87.703122242,0.97,72,0.45
CRIMINAL DAMAGE,2025-03-07 07:24:00,41.697508824,-87.611059068,0.97,72,0.45
THEFT,2025-03-07 07:20:00,41.948250213,-87.644602172,0.97,72,0.45
OTHER OFFENSE,2025-03-07 07:17:00,41.746773075,-87.603837805,0.97,72,0.45
CONCEALED CARRY LICENSE VIOLATION,2025-03-07 07:17:00,42.006074109,-87.927364891,0.97,72,0.45
NARCOTICS,2025-03-07 07:05:00,41.873186975,-87.743644876,0.97,72,0.45
DECEPTIVE PRACTICE,2025-03-07 07:02:00,,,0.97,72,0.45
BATTERY,2025-03-07 07:00:00,41.806801421,-87.61952336,0.97,72,0.45
CRIMINAL DAMAGE,2025-03-07 06:51:00,41.837245618,-87.615882474,0.97,72,0.45
NARCOTICS,2025-03-07 06:51:00,41.895491073,-87.713211146,0.97,72,0.45
DECEPTIVE PRACTICE,2025-03-07 06:49:00,41.769916749,-87.663954978,0.97,72,0.45
WEAPONS VIOLATION,2025-03-07 06:45:00,41.963382081,-87.718105325,0.97,72,0.45
ASSAULT,2025-03-07 06:31:00,41.861440662,-87.736036312,0.97,72,0.45
BATTERY,2025-03-07 06:30:00,41.879202837,-87.626113652,0.97,72,0.45
CRIMINAL SEXUAL ASSAULT,2025-03-07 06:30:00,41.97214778,-87.657704671,0.97,72,0.45
THEFT,2025-03-07 06:20:00,41.875272573,-87.624251314,0.97,72,0.45
BATTERY,2025-03-07 06:14:00,41.779618833,-87.653841284,0.97,72,0.45
ROBBERY,2025-03-07 06:07:00,41.906959346,-87.638463027,0.97,72,0.45
THEFT,2025-03-07 06:00:00,41.875107956,-87.738325124,0.97,72,0.45
BATTERY,2025-03-07 06:00:00,41.750133945,-87.662221927,0.97,72,0.45
BATTERY,2025-03-07 06:00:00,41.901466628,-87.71651809,0.97,72,0.45
OTHER OFFENSE,2025-03-07 05:50:00,41.733263922,-87.547001745,0.97,72,0.45
THEFT,2025-03-07 05:30:00,41.797247247,-87.589043686,0.97,72,0.45
CRIMINAL TRESPASS,2025-03-07 05:29:00,41.82018407,-87.686023366,0.97,72,0.45
CRIMINAL DAMAGE,2025-03-07 05:10:00,41.76139129,-87.655712333,0.97,72,0.45
DECEPTIVE PRACTICE,2025-03-07 05:05:00,41.976762981,-87.900983721,0.97,72,0.45
CRIMINAL DAMAGE,2025-03-07 05:00:00,41.936859797,-87.757907082,0.97,72,0.45
THEFT,2025-03-07 05:00:00,41.768408694,-87.587951169,0.97,72,0.45
CRIMINAL DAMAGE,2025-03-07 05:00:00,41.891620575,-87.63148948,0.97,72,0.45
BURGLARY,2025-03-07 05:00:00,41.781413117,-87.721120133,0.97,72,0.45
CRIMINAL DAMAGE,2025-03-07 04:30:00,41.882866334,-87.761630725,0.97,72,0.45
BATTERY,2025-03-07 04:22:00,41.721627204,-87.624485177,0.97,72,0.45
BATTERY,2025-03-07 04:17:00,41.952368432,-87.755929489,0.97,72,0.45
CRIMINAL DAMAGE,2025-03-07 04:17:00,41.764804389,-87.673967305,0.97,72,0.45
THEFT,2025-03-07 04:12:00,41.682581566,-87.617504356,0.97,72,0.45
BATTERY,2025-03-07 04:06:00,41.743169687,-87.614706518,0.97,72,0.45
THEFT,2025-03-07 04:00:00,41.821139392,-87.614983694,0.97,72,0.45
ASSAULT,2025-03-07 04:00:00,41.864035852,-87.659042335,0.97,72,0.45
MOTOR VEHICLE THEFT,2025-03-07 03:55:00,41.765699968,-87.693055705,0.97,72,0.45
CRIMINAL DAMAGE,2025-03-07 03:55:00,41.911669895,-87.631931184,0.97,72,0.45
BATTERY,2025-03-07 03:50:00,41.953305818,-87.66140353,0.97,72,0.45
THEFT,2025-03-07 03:32:00,41.976851852,-87.654999693,0.97,72,0.45
CRIMINAL TRESPASS,2025-03-07 03:27:00,41.909690217,-87.740843921,0.97,72,0.45
CRIMINAL TRESPASS,2025-03-07 03:20:00,41.830300906,-87.683363988,0.97,72,0.45
CRIMINAL DAMAGE,2025-03-07 03:16:00,41.782615834,-87.649717805,0.97,72,0.45
BURGLARY,2025-03-07 03:08:00,41.898138305,-87.717622673,0.97,72,0.45
MOTOR VEHICLE THEFT,2025-03-07 03:00:00,41.913267163,-87.747497515,0.97,72,0.45
OTHER OFFENSE,2025-03-07 03:00:00,41.915762217,-87.656275267,0.97,72,0.45
BATTERY,2025-03-07 03:00:00,41.781756818,-87.607217875,0.97,72,0.45
CRIMINAL DAMAGE,2025-03-07 03:00:00,41.966661821,-87.704005334,0.97,72,0.45
CRIMINAL DAMAGE,2025-03-07 02:50:00,41.912488052,-87.716625077,0.97,72,0.45
CRIMINAL DAMAGE,2025-03-07 02:48:00,41.8190249,-87.691699359,0.97,72,0.45
BATTERY,2025-03-07 02:47:00,41.829651528,-87.614451899,0.97,72,0.45
ROBBERY,2025-03-07 02:38:00,41.953659367,-87.726878618,0.97,72,0.45
BATTERY,2025-03-07 02:33:00,41.87862256,-87.72559838,0.97,72,0.45
DECEPTIVE PRACTICE,2025-03-07 02:31:00,41.777372945,-87.631750343,0.97,72,0.45
BURGLARY,2025-03-07 02:30:00,41.754846673,-87.565081336,0.97,72,0.45
CRIMINAL DAMAGE,2025-03-07 02:30:00,41.696569313,-87.541352297,0.97,72,0.45
CRIMINAL DAMAGE,2025-03-07 02:30:00,41.696624195,-87.541351624,0.97,72,0.45
CRIMINAL DAMAGE,2025-03-07 02:30:00,41.696588521,-87.541352062,0.97,72,0.45
ASSAULT,2025-03-07 02:28:00,41.777745221,-87.596957332,0.97,72,0.45
CONCEALED CARRY LICENSE VIOLATION,2025-03-07 02:25:00,41.736561209,-87.610738916,0.97,72,0.45
ROBBERY,2025-03-07 02:20:00,41.880251406,-87.626157171,0.97,72,0.45
BATTERY,2025-03-07 02:20:00,41.788870239,-87.709549842,0.97,72,0.45
CRIMINAL DAMAGE,2025-03-07 02:18:00,41.702755544,-87.541031036,0.97,72,0.45
BATTERY,2025-03-07 02:02:00,41.954233907,-87.723957827,0.97,72,0.45
MOTOR VEHICLE THEFT,2025-03-07 02:00:00,41.690463524,-87.648618417,0.97,72,0.45
BATTERY,2025-03-07 02:00:00,41.757403021,-87.616684493,0.97,72,0.45
OTHER OFFENSE,2025-03-07 02:00:00,41.850395084,-87.734469049,0.97,72,0.45
CRIMINAL DAMAGE,2025-03-07 01:57:00,41.945322312,-87.803970131,0.97,72,0.45
ASSAULT,2025-03-07 01:53:00,41.77999793,-87.629294594,0.97,72,0.45
THEFT,2025-03-07 01:50:00,41.812716112,-87.704157314,0.97,72,0.45
MOTOR VEHICLE THEFT,2025-03-07 01:48:00,41.741810042,-87.561217137,0.97,72,0.45
BATTERY,2025-03-07 01:45:00,41.829658419,-87.650204535,0.97,72,0.45
CRIMINAL DAMAGE,2025-03-07 01:45:00,41.785069728,-87.617362803,0.97,72,0.45
DECEPTIVE PRACTICE,2025-03-07 01:42:00,42.007876306,-87.688079425,0.97,72,0.45
CRIMINAL DAMAGE,2025-03-07 01:40:00,41.768110068,-87.616931909,0.97,72,0.45
NARCOTICS,2025-03-07 01:35:00,41.909793671,-87.733285963,0.97,72,0.45
ARSON,2025-03-07 01:02:00,41.847595632,-87.705129608,0.97,72,0.45
DECEPTIVE PRACTICE,2025-03-07 00:59:00,42.019933555,-87.668246781,0.97,72,0.45
WEAPONS VIOLATION,2025-03-07 00:56:00,41.840565492,-87.626840187,0.97,72,0.45
BATTERY,2025-03-07 00:45:00,41.852868298,-87.63091491,0.97,72,0.45
MOTOR VEHICLE THEFT,2025-03-07 00:42:00,41.906187671,-87.72648318,0.97,72,0.45
BATTERY,2025-03-07 00:40:00,41.7023104,-87.669124205,0.97,72,0.45
CRIMINAL DAMAGE,2025-03-07 00:38:00,41.684761416,-87.637300618,0.97,72,0.45
ASSAULT,2025-03-07 00:34:00,41.774902149,-87.680957762,0.97,72,0.45
CRIMINAL DAMAGE,2025-03-07 00:31:00,41.78174502,-87.698340825,0.97,72,0.45
ASSAULT,2025-03-07 00:30:00,41.989264961,-87.781734639,0.97,72,0.45
WEAPONS VIOLATION,2025-03-07 00:26:00,41.776150283,-87.615522623,0.97,72,0.45
OTHER OFFENSE,2025-03-07 00:25:00,41.7023104,-87.669124205,0.97,72,0.45
DECEPTIVE PRACTICE,2025-03-07 00:25:00,42.011870085,-87.672337943,0.97,72,0.45
MOTOR VEHICLE THEFT,2025-03-07 00:24:00,41.825794363,-87.60075472,0.97,72,0.45
DECEPTIVE PRACTICE,2025-03-07 00:24:00,41.98919001,-87.693274418,0.97,72,0.45
BATTERY,2025-03-07 00:11:00,41.921092275,-87.749909869,0.97,72,0.45
BATTERY,2025-03-07 00:03:00,41.757577263,-87.627989366,0.97,72,0.45
WEAPONS VIOLATION,2025-03-07 00:01:00,41.809227241,-87.626605083,0.97,72,0.45
DECEPTIVE PRACTICE,2025-03-07 00:01:00,41.833385769,-87.642510498,0.97,72,0.45
MOTOR VEHICLE THEFT,2025-03-07 00:01:00,41.945842144,-87.824874189,0.97,72,0.45
MOTOR VEHICLE THEFT,2025-03-07 00:01:00,41.945842144,-87.824874189,0.97,72,0.45
THEFT,2025-03-07 00:01:00,41.683923167,-87.624082784,0.97,72,0.45
BURGLARY,2025-03-07 00:00:00,41.926857377,-87.757416362,0.97,72,0.45
WEAPONS VIOLATION,2025-03-07 00:00:00,41.755931338,-87.612618058,0.97,72,0.45
MOTOR VEHICLE THEFT,2025-03-07 00:00:00,41.784786107,-87.618971947,0.97,72,0.45
ASSAULT,2025-03-07 00:00:00,41.779520772,-87.660962362,0.97,72,0.45
DECEPTIVE PRACTICE,2025-03-07 00:00:00,41.755712457,-87.719011514,0.97,72,0.45
OTHER OFFENSE,2025-03-07 00:00:00,41.717288644,-87.615236662,0.97,72,0.45
OTHER OFFENSE,2025-03-07 00:00:00,41.858741923,-87.66040111,0.97,72,0.45
DECEPTIVE PRACTICE,2025-03-07 00:00:00,,,0.97,72,0.45
DECEPTIVE PRACTICE,2025-03-07 00:00:00,41.794172544,-87.70357593,0.97,72,0.45
BATTERY,2025-03-07 00:00:00,41.774042022,-87.598491765,0.97,72,0.45
THEFT,2025-03-07 00:00:00,41.74145726,-87.649330096,0.97,72,0.45
DECEPTIVE PRACTICE,2025-03-07 00:00:00,,,0.97,72,0.45
OTHER OFFENSE,2025-03-07 00:00:00,41.818735324,-87.601062633,0.97,72,0.45
OTHER OFFENSE,2025-03-07 00:00:00,41.736620357,-87.545821332,0.97,72,0.45
ASSAULT,2025-03-07 00:00:00,41.855190551,-87.623871195,0.97,72,0.45
BATTERY,2025-03-07 00:00:00,41.902027534,-87.693150187,0.97,72,0.45
OTHER OFFENSE,2025-03-07 00:00:00,41.748217964,-87.650038887,0.97,72,0.45
ASSAULT,2025-03-07 00:00:00,41.872497397,-87.710742126,0.97,72,0.45
CRIMINAL DAMAGE,2025-03-07 00:00:00,41.966485846,-87.656198077,0.97,72,0.45
ASSAULT,2025-03-07 00:00:00,41.811443713,-87.598471599,0.97,72,0.45
THEFT,2025-03-07 00:00:00,41.751742742,-87.661860682,0.97,72,0.45
NARCOTICS,2025-03-06 23:49:00,41.809571175,-87.60348889,0.97,72,0.45
PUBLIC PEACE VIOLATION,2025-03-06 23:47:00,41.806998571,-87.735797692,0.97,72,0.45
BATTERY,2025-03-06 23:46:00,41.754566819,-87.563860591,0.97,72,0.45
BATTERY,2025-03-06 23:44:00,41.829877205,-87.643648988,0.97,72,0.45
MOTOR VEHICLE THEFT,2025-03-06 23:30:00,41.746245733,-87.708031448,0.97,72,0.45
ASSAULT,2025-03-06 23:30:00,42.004414046,-87.671370225,0.97,72,0.45
BATTERY,2025-03-06 23:30:00,41.749907223,-87.6415776,0.97,72,0.45
BATTERY,2025-03-06 23:30:00,41.91342276,-87.763143688,0.97,72,0.45
BATTERY,2025-03-06 23:28:00,41.786379419,-87.695240702,0.97,72,0.45
WEAPONS VIOLATION,2025-03-06 23:25:00,41.880386193,-87.754095623,0.97,72,0.45
OTHER OFFENSE,2025-03-06 23:20:00,41.78794896,-87.630325986,0.97,72,0.45
NARCOTICS,2025-03-06 23:18:00,41.756094931,-87.644659401,0.97,72,0.45
CRIMINAL DAMAGE,2025-03-06 23:17:00,41.780470841,-87.654521572,0.97,72,0.45
ROBBERY,2025-03-06 23:08:00,41.765601084,-87.68326599,0.97,72,0.45
BATTERY,2025-03-06 23:01:00,41.830354044,-87.678707176,0.97,72,0.45
BURGLARY,2025-03-06 23:00:00,41.910514417,-87.722687537,0.97,72,0.45
OTHER OFFENSE,2025-03-06 23:00:00,41.791555921,-87.634081949,0.97,72,0.45
BURGLARY,2025-03-06 23:00:00,41.908399744,-87.733839053,0.97,72,0.45
MOTOR VEHICLE THEFT,2025-03-06 23:00:00,41.73994663,-87.557546064,0.97,72,0.45
ASSAULT,2025-03-06 22:58:00,41.755643726,-87.641728572,0.97,72,0.45
THEFT,2025-03-06 22:53:00,41.93883609,-87.746072695,0.97,72,0.45
CRIMINAL SEXUAL ASSAULT,2025-03-06 22:45:00,41.848919426,-87.695364645,0.97,72,0.45
CRIMINAL DAMAGE,2025-03-06 22:41:00,41.75809139,-87.582243034,0.97,72,0.45
NARCOTICS,2025-03-06 22:37:00,41.8034218,-87.743041652,0.97,72,0.45
NARCOTICS,2025-03-06 22:36:00,41.866421776,-87.613129624,0.97,72,0.45
DECEPTIVE PRACTICE,2025-03-06 22:30:00,41.877578503,-87.629282088,0.97,72,0.45
NARCOTICS,2025-03-06 22:24:00,41.91320867,-87.75164599,0.97,72,0.45
OTHER OFFENSE,2025-03-06 22:23:00,41.794006319,-87.666344749,0.97,72,0.45
BATTERY,2025-03-06 22:17:00,41.808417242,-87.684190463,0.97,72,0.45
CONCEALED CARRY LICENSE VIOLATION,2025-03-06 22:11:00,41.949729511,-87.643259182,0.97,72,0.45
NARCOTICS,2025-03-06 22:08:00,41.938430626,-87.637643663,0.97,72,0.45
CRIMINAL DAMAGE,2025-03-06 22:02:00,41.800906684,-87.728537489,0.97,72,0.45
MOTOR VEHICLE THEFT,2025-03-06 22:00:00,41.814333522,-87.616728839,0.97,72,0.45
CRIMINAL DAMAGE,2025-03-06 22:00:00,41.889199272,-87.674415748,0.97,72,0.45
THEFT,2025-03-06 22:00:00,41.777209768,-87.69903082,0.97,72,0.45
CRIMINAL SEXUAL ASSAULT,2025-03-06 22:00:00,41.973446477,-87.66863503,0.97,72,0.45
THEFT,2025-03-06 22:00:00,41.894046598,-87.746439101,0.97,72,0.45
OTHER OFFENSE,2025-03-06 21:59:00,41.69282215,-87.60550588,0.97,72,0.45
PROSTITUTION,2025-03-06 21:50:00,41.869363464,-87.742428042,0.97,72,0.45
OTHER OFFENSE,2025-03-06 21:44:00,41.986735561,-87.80882819,0.97,72,0.45
ASSAULT,2025-03-06 21:37:00,41.725949327,-87.653059,0.97,72,0.45
BURGLARY,2025-03-06 21:30:00,41.984175796,-87.816823269,0.97,72,0.45
CRIMINAL DAMAGE,2025-03-06 21:30:00,41.889982118,-87.658009292,0.97,72,0.45
BATTERY,2025-03-06 21:30:00,41.655804559,-87.59615609,0.97,72,0.45
BATTERY,2025-03-06 21:28:00,41.921559199,-87.737695343,0.97,72,0.45
ASSAULT,2025-03-06 21:26:00,41.751457646,-87.552892516,0.97,72,0.45
BATTERY,2025-03-06 21:20:00,41.881594763,-87.658314275,0.97,72,0.45
ASSAULT,2025-03-06 21:19:00,41.879691121,-87.731529667,0.97,72,0.45
WEAPONS VIOLATION,2025-03-06 21:16:00,41.903488212,-87.731864611,0.97,72,0.45
CRIMINAL DAMAGE,2025-03-06 21:15:00,41.786903184,-87.622266865,0.97,72,0.45
ASSAULT,2025-03-06 21:07:00,41.868107536,-87.632778394,0.97,72,0.45
BATTERY,2025-03-06 21:03:00,41.862906101,-87.656858884,0.97,72,0.45
THEFT,2025-03-06 21:00:00,41.997723659,-87.690186971,0.97,72,0.45
CRIMINAL DAMAGE,2025-03-06 21:00:00,41.873012627,-87.643846358,0.97,72,0.45
BATTERY,2025-03-06 21:00:00,41.870833492,-87.716170158,0.97,72,0.45
THEFT,2025-03-06 21:00:00,41.874669769,-87.683792194,0.97,72,0.45
OTHER OFFENSE,2025-03-06 20:54:00,41.961056984,-87.778260803,0.97,72,0.45
SEX OFFENSE,2025-03-06 20:53:00,41.876587174,-87.628727499,0.97,72,0.45
WEAPONS VIOLATION,2025-03-06 20:51:00,41.853485391,-87.725638189,0.97,72,0.45
BATTERY,2025-03-06 20:51:00,41.721023054,-87.641986379,0.97,72,0.45
BATTERY,2025-03-06 20:45:00,41.84197912,-87.709845338,0.97,72,0.45
THEFT,2025-03-06 20:45:00,41.881436137,-87.688493817,0.97,72,0.45
BATTERY,2025-03-06 20:45:00,41.885741029,-87.631711749,0.97,72,0.45
OTHER OFFENSE,2025-03-06 20:44:00,41.777139254,-87.762501038,0.97,72,0.45
OTHER OFFENSE,2025-03-06 20:38:00,41.910572729,-87.671785941,0.97,72,0.45
ASSAULT,2025-03-06 20:35:00,41.917346904,-87.782802648,0.97,72,0.45
BATTERY,2025-03-06 20:32:00,41.743125083,-87.605007694,0.97,72,0.45
CRIMINAL DAMAGE,2025-03-06 20:30:00,42.012528455,-87.663304825,0.97,72,0.45
WEAPONS VIOLATION,2025-03-06 20:30:00,41.763339117,-87.583600351,0.97,72,0.45
THEFT,2025-03-06 20:30:00,41.809445968,-87.67496226,0.97,72,0.45
ASSAULT,2025-03-06 20:30:00,41.786480243,-87.689211574,0.97,72,0.45
THEFT,2025-03-06 20:26:00,41.697647241,-87.594839913,0.97,72,0.45
WEAPONS VIOLATION,2025-03-06 20:24:00,41.911493772,-87.771537341,0.97,72,0.45
NARCOTICS,2025-03-06 20:19:00,41.880829748,-87.76487669,0.97,72,0.45
BATTERY,2025-03-06 20:18:00,41.813123426,-87.671164632,0.97,72,0.45
BATTERY,2025-03-06 20:16:00,41.880186421,-87.768532463,0.97,72,0.45
THEFT,2025-03-06 20:15:00,41.87098268,-87.624148194,0.97,72,0.45
BATTERY,2025-03-06 20:15:00,41.890057206,-87.628491342,0.97,72,0.45
INTERFERENCE WITH PUBLIC OFFICER,2025-03-06 20:14:00,41.721623049,-87.624701342,0.97,72,0.45
THEFT,2025-03-06 20:12:00,41.917656022,-87.688750258,0.97,72,0.45
BATTERY,2025-03-06 20:11:00,41.903140345,-87.757144655,0.97,72,0.45
ASSAULT,2025-03-06 20:07:00,41.789485613,-87.683915798,0.97,72,0.45
OTHER OFFENSE,2025-03-06 20:02:00,41.810657946,-87.607826939,0.97,72,0.45
CRIMINAL DAMAGE,2025-03-06 20:00:00,41.887723159,-87.655139133,0.97,72,0.45
MOTOR VEHICLE THEFT,2025-03-06 20:00:00,41.816736383,-87.611291068,0.97,72,0.45
MOTOR VEHICLE THEFT,2025-03-06 20:00:00,41.767591513,-87.661464502,0.97,72,0.45
MOTOR VEHICLE THEFT,2025-03-06 20:00:00,41.985705803,-87.689513462,0.97,72,0.45
BATTERY,2025-03-06 20:00:00,41.720970905,-87.679976067,0.97,72,0.45
BATTERY,2025-03-06 20:00:00,41.931459565,-87.708625556,0.97,72,0.45
OTHER OFFENSE,2025-03-06 20:00:00,41.890753061,-87.63639101,0.97,72,0.45
CRIMINAL DAMAGE,2025-03-06 20:00:00,41.749250765,-87.617295548,0.97,72,0.45
THEFT,2025-03-06 20:00:00,41.891678767,-87.627551654,0.97,72,0.45
OFFENSE INVOLVING CHILDREN,2025-03-06 20:00:00,41.686460463,-87.633734743,0.97,72,0.45
OTHER OFFENSE,2025-03-06 19:52:00,41.90399561,-87.711714573,0.97,72,0.45
INTIMIDATION,2025-03-06 19:51:00,41.999700173,-87.680587053,0.97,72,0.45
THEFT,2025-03-06 19:50:00,41.754592961,-87.741528537,0.97,72,0.45
BATTERY,2025-03-06 19:50:00,41.774308589,-87.610663654,0.97,72,0.45
WEAPONS VIOLATION,2025-03-06 19:48:00,41.733527193,-87.663003006,0.97,72,0.45
WEAPONS VIOLATION,2025-03-06 19:47:00,41.867413836,-87.704476701,0.97,72,0.45
THEFT,2025-03-06 19:47:00,41.882784345,-87.70698104,0.97,72,0.45
BATTERY,2025-03-06 19:46:00,41.708047388,-87.65016046,0.97,72,0.45
CRIMINAL TRESPASS,2025-03-06 19:41:00,41.854840064,-87.706560015,0.97,72,0.45
NARCOTICS,2025-03-06 19:41:00,41.781321374,-87.604326298,0.97,72,0.45
ASSAULT,2025-03-06 19:40:00,41.783174011,-87.61569728,0.97,72,0.45
CRIMINAL TRESPASS,2025-03-06 19:30:00,41.678237739,-87.68073427,0.97,72,0.45
ASSAULT,2025-03-06 19:30:00,41.966637511,-87.707590706,0.97,72,0.45
BURGLARY,2025-03-06 19:30:00,41.794424835,-87.582519409,0.97,72,0.45
BATTERY,2025-03-06 19:30:00,41.890556838,-87.719836666,0.97,72,0.45
THEFT,2025-03-06 19:30:00,41.994470029,-87.748338915,0.97,72,0.45
BATTERY,2025-03-06 19:30:00,41.763647371,-87.586265199,0.97,72,0.45
DECEPTIVE PRACTICE,2025-03-06 19:29:00,41.94219754,-87.688249516,0.97,72,0.45
INTERFERENCE WITH PUBLIC OFFICER,2025-03-06 19:27:00,41.68391694,-87.625298274,0.97,72,0.45
WEAPONS VIOLATION,2025-03-06 19:23:00,41.85467338,-87.711234366,0.97,72,0.45
CRIMINAL DAMAGE,2025-03-06 19:22:00,41.73585412,-87.658739723,0.97,72,0.45
NARCOTICS,2025-03-06 19:20:00,41.851626433,-87.718215751,0.97,72,0.45
OTHER OFFENSE,2025-03-06 19:20:00,41.871227331,-87.653253778,0.97,72,0.45
INTERFERENCE WITH PUBLIC OFFICER,2025-03-06 19:09:00,41.751719316,-87.566896034,0.97,72,0.45
THEFT,2025-03-06 19:03:00,41.963070794,-87.655984213,0.97,72,0.45
DECEPTIVE PRACTICE,2025-03-06 19:00:00,41.88194177,-87.634210012,0.97,72,0.45
OTHER OFFENSE,2025-03-06 19:00:00,41.786305333,-87.633955671,0.97,72,0.45
BATTERY,2025-03-06 19:00:00,41.815551462,-87.693814014,0.97,72,0.45
MOTOR VEHICLE THEFT,2025-03-06 19:00:00,42.019809042,-87.669491958,0.97,72,0.45
THEFT,2025-03-06 19:00:00,41.984622486,-87.836582104,0.97,72,0.45
THEFT,2025-03-06 19:00:00,41.86821682,-87.6304532,0.97,72,0.45
OTHER OFFENSE,2025-03-06 19:00:00,41.884516183,-87.620866041,0.97,72,0.45
BATTERY,2025-03-06 18:55:00,41.967538619,-87.713340244,0.97,72,0.45
CRIMINAL DAMAGE,2025-03-06 18:55:00,41.967538619,-87.713340244,0.97,72,0.45
BATTERY,2025-03-06 18:48:00,41.953177006,-87.767307661,0.97,72,0.45
MOTOR VEHICLE THEFT,2025-03-06 18:45:00,41.832034611,-87.618138603,0.97,72,0.45
CONCEALED CARRY LICENSE VIOLATION,2025-03-06 18:44:00,41.779601956,-87.655165014,0.97,72,0.45
ASSAULT,2025-03-06 18:40:00,41.664480359,-87.639052549,0.97,72,0.45
THEFT,2025-03-06 18:40:00,41.938702181,-87.643536131,0.97,72,0.45
BATTERY,2025-03-06 18:31:00,41.954294839,-87.668664955,0.97,72,0.45
THEFT,2025-03-06 18:30:00,41.891694878,-87.626155832,0.97,72,0.45
THEFT,2025-03-06 18:30:00,41.752358555,-87.597940213,0.97,72,0.45
DECEPTIVE PRACTICE,2025-03-06 18:30:00,41.895003278,-87.62152816,0.97,72,0.45
DECEPTIVE PRACTICE,2025-03-06 18:27:00,41.787454602,-87.620024028,0.97,72,0.45
NARCOTICS,2025-03-06 18:20:00,41.754014885,-87.613782944,0.97,72,0.45
BURGLARY,2025-03-06 18:20:00,41.753680698,-87.556156634,0.97,72,0.45
THEFT,2025-03-06 18:16:00,41.912406937,-87.680602833,0.97,72,0.45
CRIMINAL DAMAGE,2025-03-06 18:15:00,42.005924664,-87.664967268,0.97,72,0.45
DECEPTIVE PRACTICE,2025-03-06 18:15:00,41.830611847,-87.623247369,0.97,72,0.45
THEFT,2025-03-06 18:05:00,41.938702181,-87.643536131,0.97,72,0.45
BATTERY,2025-03-06 18:00:00,41.830615654,-87.656142227,0.97,72,0.45
THEFT,2025-03-06 18:00:00,41.918599183,-87.788747934,0.97,72,0.45
THEFT,2025-03-06 18:00:00,41.788987036,-87.74147999,0.97,72,0.45
BATTERY,2025-03-06 18:00:00,41.862491547,-87.707153432,0.97,72,0.45
BATTERY,2025-03-06 18:00:00,42.018424421,-87.68896273,0.97,72,0.45
THEFT,2025-03-06 17:59:00,,,0.97,72,0.45
OTHER OFFENSE,2025-03-06 17:59:00,41.883554448,-87.653247925,0.97,72,0.45
THEFT,2025-03-06 17:50:00,41.910764867,-87.658120918,0.97,72,0.45
WEAPONS VIOLATION,2025-03-06 17:48:00,41.702119317,-87.529243761,0.97,72,0.45
THEFT,2025-03-06 17:46:00,41.726337499,-87.664015558,0.97,72,0.45
THEFT,2025-03-06 17:45:00,41.834095849,-87.670809065,0.97,72,0.45
ASSAULT,2025-03-06 17:45:00,41.761727593,-87.564815996,0.97,72,0.45
THEFT,2025-03-06 17:45:00,41.896717997,-87.625009525,0.97,72,0.45
THEFT,2025-03-06 17:40:00,41.711045745,-87.670576179,0.97,72,0.45
THEFT,2025-03-06 17:36:00,41.753887157,-87.611358218,0.97,72,0.45
CRIMINAL TRESPASS,2025-03-06 17:33:00,41.742433848,-87.663236494,0.97,72,0.45
WEAPONS VIOLATION,2025-03-06 17:33:00,41.899080601,-87.719351037,0.97,72,0.45
THEFT,2025-03-06 17:30:00,41.881128394,-87.769791062,0.97,72,0.45
BATTERY,2025-03-06 17:30:00,41.746727391,-87.662543236,0.97,72,0.45
CRIMINAL SEXUAL ASSAULT,2025-03-06 17:30:00,41.929289074,-87.777525691,0.97,72,0.45
DECEPTIVE PRACTICE,2025-03-06 17:30:00,41.677464116,-87.665495904,0.97,72,0.45
THEFT,2025-03-06 17:30:00,41.895003278,-87.62152816,0.97,72,0.45
OTHER OFFENSE,2025-03-06 17:29:00,41.9443935,-87.798368562,0.97,72,0.45
NARCOTICS,2025-03-06 17:28:00,41.861975288,-87.711637158,0.97,72,0.45
OTHER OFFENSE,2025-03-06 17:26:00,41.774279999,-87.711791881,0.97,72,0.45
BATTERY,2025-03-06 17:23:00,41.881512491,-87.630869346,0.97,72,0.45
THEFT,2025-03-06 17:20:00,41.750526659,-87.607639568,0.97,72,0.45
BATTERY,2025-03-06 17:20:00,41.716950531,-87.535281966,0.97,72,0.45
DECEPTIVE PRACTICE,2025-03-06 17:18:00,41.731185521,-87.55128418,0.97,72,0.45
OFFENSE INVOLVING CHILDREN,2025-03-06 17:15:00,41.853516822,-87.666038819,0.97,72,0.45
BATTERY,2025-03-06 17:14:00,41.906684967,-87.635303024,0.97,72,0.45
PUBLIC PEACE VIOLATION,2025-03-06 17:13:00,41.779758427,-87.64410563,0.97,72,0.45
ASSAULT,2025-03-06 17:10:00,41.807274052,-87.719857962,0.97,72,0.45
CRIMINAL DAMAGE,2025-03-06 17:01:00,41.950417769,-87.649129878,0.97,72,0.45
MOTOR VEHICLE THEFT,2025-03-06 17:00:00,41.882777292,-87.707700869,0.97,72,0.45
MOTOR VEHICLE THEFT,2025-03-06 17:00:00,41.907244407,-87.627607995,0.97,72,0.45
THEFT,2025-03-06 17:00:00,41.920016659,-87.717868019,0.97,72,0.45
NARCOTICS,2025-03-06 16:46:00,41.861694024,-87.72626164,0.97,72,0.45
ASSAULT,2025-03-06 16:45:00,41.947295978,-87.651162974,0.97,72,0.45
CRIMINAL TRESPASS,2025-03-06 16:45:00,42.000312614,-87.660706862,0.97,72,0.45
THEFT,2025-03-06 16:40:00,41.903996883,-87.643230238,0.97,72,0.45
BATTERY,2025-03-06 16:39:00,41.760412801,-87.561499974,0.97,72,0.45
ASSAULT,2025-03-06 16:37:00,41.820481507,-87.684751006,0.97,72,0.45
WEAPONS VIOLATION,2025-03-06 16:30:00,41.764885191,-87.629756746,0.97,72,0.45
BATTERY,2025-03-06 16:30:00,41.698889033,-87.629158341,0.97,72,0.45
WEAPONS VIOLATION,2025-03-06 16:30:00,41.769044859,-87.631888748,0.97,72,0.45
THEFT,2025-03-06 16:30:00,41.842695834,-87.61721984,0.97,72,0.45
SEX OFFENSE,2025-03-06 16:28:00,,,0.97,72,0.45
ASSAULT,2025-03-06 16:25:00,42.014911903,-87.671128898,0.97,72,0.45
THEFT,2025-03-06 16:25:00,41.946212132,-87.646579678,0.97,72,0.45
ASSAULT,2025-03-06 16:25:00,41.891037284,-87.618343879,0.97,72,0.45
THEFT,2025-03-06 16:21:00,41.863458809,-87.65240364,0.97,72,0.45
BURGLARY,2025-03-06 16:20:00,41.885729338,-87.625780935,0.97,72,0.45
BATTERY,2025-03-06 16:19:00,41.951315505,-87.716519304,0.97,72,0.45
OTHER OFFENSE,2025-03-06 16:17:00,41.884288322,-87.647904248,0.97,72,0.45
THEFT,2025-03-06 16:15:00,41.896159967,-87.700507067,0.97,72,0.45
THEFT,2025-03-06 16:09:00,41.938476501,-87.698611331,0.97,72,0.45
ROBBERY,2025-03-06 16:08:00,41.873806023,-87.694680281,0.97,72,0.45
THEFT,2025-03-06 16:07:00,41.906797102,-87.671861659,0.97,72,0.45
ASSAULT,2025-03-06 16:06:00,41.976095027,-87.692350085,0.97,72,0.45
BATTERY,2025-03-06 16:00:00,41.844112707,-87.628445336,0.97,72,0.45
MOTOR VEHICLE THEFT,2025-03-06 16:00:00,41.93534499,-87.788278397,0.97,72,0.45
CRIMINAL DAMAGE,2025-03-06 16:00:00,41.708383145,-87.612578069,0.97,72,0.45
DECEPTIVE PRACTICE,2025-03-06 16:00:00,41.891199446,-87.624137626,0.97,72,0.45
OTHER OFFENSE,2025-03-06 16:00:00,41.750991368,-87.622271215,0.97,72,0.45
THEFT,2025-03-06 16:00:00,41.705267858,-87.629323117,0.97,72,0.45
NARCOTICS,2025-03-06 15:56:00,41.894154031,-87.718715064,0.97,72,0.45
BATTERY,2025-03-06 15:50:00,41.893650526,-87.759290438,0.97,72,0.45
ASSAULT,2025-03-06 15:47:00,41.709544025,-87.53890409,0.97,72,0.45
CRIMINAL DAMAGE,2025-03-06 15:45:00,41.93602892,-87.727097133,0.97,72,0.45
BATTERY,2025-03-06 15:43:00,41.952389116,-87.720221957,0.97,72,0.45
BATTERY,2025-03-06 15:40:00,41.902883195,-87.667479289,0.97,72,0.45
BURGLARY,2025-03-06 15:40:00,41.745014465,-87.614803207,0.97,72,0.45
BATTERY,2025-03-06 15:40:00,41.791920684,-87.723121381,0.97,72,0.45
DECEPTIVE PRACTICE,2025-03-06 15:39:00,41.950712705,-87.807715645,0.97,72,0.45
ASSAULT,2025-03-06 15:38:00,41.722520812,-87.571158974,0.97,72,0.45
DECEPTIVE PRACTICE,2025-03-06 15:35:00,41.707519433,-87.601839023,0.97,72,0.45
BATTERY,2025-03-06 15:35:00,41.782158459,-87.645275205,0.97,72,0.45
SEX OFFENSE,2025-03-06 15:34:00,41.669172197,-87.641619093,0.97,72,0.45
CRIMINAL TRESPASS,2025-03-06 15:30:00,41.891990384,-87.611461502,0.97,72,0.45
THEFT,2025-03-06 15:30:00,41.93991842,-87.653288878,0.97,72,0.45
ASSAULT,2025-03-06 15:30:00,41.706070186,-87.653645803,0.97,72,0.45
BURGLARY,2025-03-06 15:30:00,41.918578314,-87.636183854,0.97,72,0.45
OTHER OFFENSE,2025-03-06 15:28:00,41.754991603,-87.719179646,0.97,72,0.45
ASSAULT,2025-03-06 15:26:00,41.765558228,-87.622733535,0.97,72,0.45
BATTERY,2025-03-06 15:25:00,41.924671469,-87.759857617,0.97,72,0.45
CRIMINAL TRESPASS,2025-03-06 15:22:00,41.758056703,-87.589566341,0.97,72,0.45
BATTERY,2025-03-06 15:17:00,41.946127868,-87.670054731,0.97,72,0.45
BATTERY,2025-03-06 15:15:00,41.731430954,-87.552669707,0.97,72,0.45
THEFT,2025-03-06 15:14:00,41.754592961,-87.741528537,0.97,72,0.45
OTHER OFFENSE,2025-03-06 15:14:00,41.802033196,-87.620621557,0.97,72,0.45
OTHER OFFENSE,2025-03-06 15:11:00,41.846399101,-87.699628725,0.97,72,0.45
THEFT,2025-03-06 15:00:00,41.94514262,-87.67051707,0.97,72,0.45
MOTOR VEHICLE THEFT,2025-03-06 15:00:00,41.841721393,-87.643639248,0.97,72,0.45
OTHER OFFENSE,2025-03-06 15:00:00,41.925226238,-87.662683065,0.97,72,0.45
THEFT,2025-03-06 15:00:00,41.978607423,-87.768943454,0.97,72,0.45
MOTOR VEHICLE THEFT,2025-03-06 15:00:00,41.705677782,-87.600944364,0.97,72,0.45
MOTOR VEHICLE THEFT,2025-03-06 15:00:00,41.913570979,-87.763149717,0.97,72,0.45
NARCOTICS,2025-03-06 14:52:00,41.865693813,-87.723936601,0.97,72,0.45
DECEPTIVE PRACTICE,2025-03-06 14:50:00,41.851877836,-87.697361352,0.97,72,0.45
THEFT,2025-03-06 14:49:00,41.867099577,-87.723552444,0.97,72,0.45
BATTERY,2025-03-06 14:47:00,41.790439233,-87.615872939,0.97,72,0.45
THEFT,2025-03-06 14:46:00,41.904867331,-87.764472487,0.97,72,0.45
WEAPONS VIOLATION,2025-03-06 14:46:00,41.886094169,-87.765068733,0.97,72,0.45
CRIMINAL TRESPASS,2025-03-06 14:40:00,41.886443395,-87.626316579,0.97,72,0.45
CRIMINAL DAMAGE,2025-03-06 14:39:00,41.70003572,-87.611832732,0.97,72,0.45
ASSAULT,2025-03-06 14:30:00,41.931349782,-87.708622952,0.97,72,0.45
CRIMINAL DAMAGE,2025-03-06 14:30:00,41.852004263,-87.688536253,0.97,72,0.45
CRIMINAL DAMAGE,2025-03-06 14:30:00,41.76015578,-87.556752911,0.97,72,0.45
ROBBERY,2025-03-06 14:28:00,41.808423306,-87.682836912,0.97,72,0.45
CRIMINAL DAMAGE,2025-03-06 14:24:00,41.706653929,-87.612531464,0.97,72,0.45
CRIMINAL SEXUAL ASSAULT,2025-03-06 14:20:00,41.792195498,-87.604958508,0.97,72,0.45
BATTERY,2025-03-06 14:20:00,41.87851302,-87.766424778,0.97,72,0.45
THEFT,2025-03-06 14:20:00,41.737750767,-87.604855911,0.97,72,0.45
BATTERY,2025-03-06 14:18:00,41.878726928,-87.678199026,0.97,72,0.45
THEFT,2025-03-06 14:15:00,41.893223483,-87.63153437,0.97,72,0.45
BATTERY,2025-03-06 14:10:00,41.964744922,-87.714849143,0.97,72,0.45
THEFT,2025-03-06 14:06:00,41.917862902,-87.744648349,0.97,72,0.45
CONCEALED CARRY LICENSE VIOLATION,2025-03-06 14:03:00,41.976762981,-87.900983721,0.97,72,0.45
CRIMINAL DAMAGE,2025-03-06 14:00:00,41.750485314,-87.62298042,0.97,72,0.45
CRIMINAL DAMAGE,2025-03-06 14:00:00,42.012808566,-87.664751692,0.97,72,0.45
BATTERY,2025-03-06 14:00:00,41.866331725,-87.666379171,0.97,72,0.45
MOTOR VEHICLE THEFT,2025-03-06 14:00:00,41.771482583,-87.589264627,0.97,72,0.45
BATTERY,2025-03-06 14:00:00,41.964744922,-87.714849143,0.97,72,0.45
CRIMINAL DAMAGE,2025-03-06 14:00:00,41.850936432,-87.680706954,0.97,72,0.45
THEFT,2025-03-06 14:00:00,41.754592961,-87.741528537,0.97,72,0.45
BATTERY,2025-03-06 14:00:00,41.975533897,-87.728002414,0.97,72,0.45
OTHER OFFENSE,2025-03-06 13:57:00,41.68995741,-87.637460623,0.97,72,0.45
BURGLARY,2025-03-06 13:50:00,41.960046783,-87.646762046,0.97,72,0.45
THEFT,2025-03-06 13:49:00,41.748562136,-87.661399109,0.97,72,0.45
BATTERY,2025-03-06 13:39:00,41.693634583,-87.638783053,0.97,72,0.45
ARSON,2025-03-06 13:36:00,41.756115887,-87.605326291,0.97,72,0.45
ROBBERY,2025-03-06 13:35:00,41.793424442,-87.583554214,0.97,72,0.45
BURGLARY,2025-03-06 13:33:00,41.708088133,-87.622491493,0.97,72,0.45
THEFT,2025-03-06 13:30:00,41.788366253,-87.739773278,0.97,72,0.45
DECEPTIVE PRACTICE,2025-03-06 13:30:00,41.965421476,-87.655797526,0.97,72,0.45
THEFT,2025-03-06 13:30:00,41.72160408,-87.632796887,0.97,72,0.45
THEFT,2025-03-06 13:30:00,41.960311286,-87.677452234,0.97,72,0.45
THEFT,2025-03-06 13:30:00,41.993907283,-87.667701163,0.97,72,0.45
THEFT,2025-03-06 13:30:00,41.996509716,-87.670234472,0.97,72,0.45
THEFT,2025-03-06 13:15:00,41.711714647,-87.642954141,0.97,72,0.45
OTHER OFFENSE,2025-03-06 13:07:00,41.767243934,-87.689426024,0.97,72,0.45
ASSAULT,2025-03-06 13:06:00,41.728852906,-87.554118677,0.97,72,0.45
WEAPONS VIOLATION,2025-03-06 13:05:00,41.678714143,-87.617840066,0.97,72,0.45
CONCEALED CARRY LICENSE VIOLATION,2025-03-06 13:04:00,41.974861952,-87.890372151,0.97,72,0.45
OTHER OFFENSE,2025-03-06 13:00:00,41.750857203,-87.597906043,0.97,72,0.45
THEFT,2025-03-06 13:00:00,41.868165405,-87.62743954,0.97,72,0.45
THEFT,2025-03-06 13:00:00,41.858579571,-87.625628785,0.97,72,0.45
ASSAULT,2025-03-06 13:00:00,41.812244589,-87.604430616,0.97,72,0.45
DECEPTIVE PRACTICE,2025-03-06 13:00:00,41.903174456,-87.754106431,0.97,72,0.45
THEFT,2025-03-06 13:00:00,41.681205804,-87.642021044,0.97,72,0.45
OTHER OFFENSE,2025-03-06 13:00:00,41.919975072,-87.772429317,0.97,72,0.45
THEFT,2025-03-06 13:00:00,41.878630716,-87.636673298,0.97,72,0.45
MOTOR VEHICLE THEFT,2025-03-06 13:00:00,41.841622651,-87.617191438,0.97,72,0.45
THEFT,2025-03-06 13:00:00,41.887902159,-87.636903101,0.97,72,0.45
BATTERY,2025-03-06 12:59:00,41.748417134,-87.672357702,0.97,72,0.45
NARCOTICS,2025-03-06 12:54:00,41.884673532,-87.726099237,0.97,72,0.45
NARCOTICS,2025-03-06 12:41:00,41.885720773,-87.747018429,0.97,72,0.45
ASSAULT,2025-03-06 12:40:00,41.80967154,-87.594291927,0.97,72,0.45
THEFT,2025-03-06 12:37:00,41.82801025,-87.614418894,0.97,72,0.45
BATTERY,2025-03-06 12:35:00,41.850945565,-87.727974599,0.97,72,0.45
THEFT,2025-03-06 12:34:00,41.776832515,-87.683577859,0.97,72,0.45
BATTERY,2025-03-06 12:31:00,41.90002373,-87.62305924,0.97,72,0.45
CRIMINAL TRESPASS,2025-03-06 12:31:00,41.986144133,-87.709761113,0.97,72,0.45
ASSAULT,2025-03-06 12:30:00,41.999910093,-87.700929631,0.97,72,0.45
THEFT,2025-03-06 12:30:00,41.897049729,-87.662426989,0.97,72,0.45
CRIMINAL DAMAGE,2025-03-06 12:30:00,41.874863288,-87.753804017,0.97,72,0.45
OTHER OFFENSE,2025-03-06 12:27:00,41.876388206,-87.664758134,0.97,72,0.45
THEFT,2025-03-06 12:20:00,42.000543176,-87.660715471,0.97,72,0.45
CRIMINAL TRESPASS,2025-03-06 12:18:00,41.884187759,-87.653608441,0.97,72,0.45
THEFT,2025-03-06 12:13:00,41.779059693,-87.615596501,0.97,72,0.45
THEFT,2025-03-06 12:05:00,41.799462885,-87.596008257,0.97,72,0.45
NARCOTICS,2025-03-06 12:03:00,41.863797669,-87.717787055,0.97,72,0.45
BATTERY,2025-03-06 12:00:00,41.883219258,-87.626818503,0.97,72,0.45
DECEPTIVE PRACTICE,2025-03-06 12:00:00,41.794665882,-87.585395349,0.97,72,0.45
THEFT,2025-03-06 12:00:00,41.858062995,-87.710305832,0.97,72,0.45
THEFT,2025-03-06 12:00:00,41.917236266,-87.720856159,0.97,72,0.45
DECEPTIVE PRACTICE,2025-03-06 12:00:00,41.963182177,-87.780779395,0.97,72,0.45
CRIMINAL DAMAGE,2025-03-06 12:00:00,41.84585638,-87.72460935,0.97,72,0.45
BURGLARY,2025-03-06 12:00:00,41.905210001,-87.722723393,0.97,72,0.45
ASSAULT,2025-03-06 12:00:00,41.778756448,-87.716467194,0.97,72,0.45
DECEPTIVE PRACTICE,2025-03-06 12:00:00,41.756042508,-87.619877189,0.97,72,0.45
OTHER OFFENSE,2025-03-06 12:00:00,,,0.97,72,0.45
THEFT,2025-03-06 12:00:00,41.76702286,-87.643765428,0.97,72,0.45
THEFT,2025-03-06 12:00:00,41.978495324,-87.689251423,0.97,72,0.45
THEFT,2025-03-06 11:52:00,41.834201033,-87.663865352,0.97,72,0.45
THEFT,2025-03-06 11:45:00,41.706567436,-87.670175387,0.97,72,0.45
THEFT,2025-03-06 11:42:00,41.797473943,-87.616051196,0.97,72,0.45
BATTERY,2025-03-06 11:40:00,41.905360864,-87.72737266,0.97,72,0.45
NARCOTICS,2025-03-06 11:32:00,41.861952159,-87.716508873,0.97,72,0.45
THEFT,2025-03-06 11:30:00,41.885729935,-87.63439273,0.97,72,0.45
ROBBERY,2025-03-06 11:30:00,41.932738985,-87.648117094,0.97,72,0.45
DECEPTIVE PRACTICE,2025-03-06 11:30:00,41.779761865,-87.711562963,0.97,72,0.45
CRIMINAL DAMAGE,2025-03-06 11:25:00,41.678714143,-87.617840066,0.97,72,0.45
NARCOTICS,2025-03-06 11:20:00,41.865239745,-87.720089778,0.97,72,0.45
BATTERY,2025-03-06 11:18:00,41.834155131,-87.623318288,0.97,72,0.45
THEFT,2025-03-06 11:15:00,41.894771119,-87.771129303,0.97,72,0.45
THEFT,2025-03-06 11:14:00,41.776016248,-87.603396522,0.97,72,0.45
THEFT,2025-03-06 11:10:00,41.972359593,-87.728142793,0.97,72,0.45
THEFT,2025-03-06 11:08:00,41.88171846,-87.627760426,0.97,72,0.45
NARCOTICS,2025-03-06 11:07:00,41.751291477,-87.604904392,0.97,72,0.45
CRIMINAL TRESPASS,2025-03-06 11:00:00,41.748050753,-87.56945355,0.97,72,0.45
ASSAULT,2025-03-06 11:00:00,41.760065748,-87.663661519,0.97,72,0.45
THEFT,2025-03-06 11:00:00,41.725803425,-87.662786572,0.97,72,0.45
THEFT,2025-03-06 11:00:00,41.962329807,-87.655510399,0.97,72,0.45
BURGLARY,2025-03-06 11:00:00,41.869965095,-87.713905843,0.97,72,0.45
CRIMINAL DAMAGE,2025-03-06 11:00:00,41.657274888,-87.604230251,0.97,72,0.45
ASSAULT,2025-03-06 11:00:00,41.844968448,-87.61727891,0.97,72,0.45
BATTERY,2025-03-06 10:59:00,41.871729291,-87.716899535,0.97,72,0.45
THEFT,2025-03-06 10:52:00,41.882394062,-87.627844798,0.97,72,0.45
BATTERY,2025-03-06 10:50:00,41.910022484,-87.63855839,0.97,72,0.45
THEFT,2025-03-06 10:50:00,41.97070461,-87.728099622,0.97,72,0.45
BATTERY,2025-03-06 10:49:00,41.76015578,-87.556752911,0.97,72,0.45
NARCOTICS,2025-03-06 10:47:00,41.862775612,-87.710439968,0.97,72,0.45
MOTOR VEHICLE THEFT,2025-03-06 10:44:00,41.737108349,-87.666746945,0.97,72,0.45
OTHER OFFENSE,2025-03-06 10:39:00,41.790516609,-87.721246204,0.97,72,0.45
WEAPONS VIOLATION,2025-03-06 10:36:00,41.792522974,-87.703529737,0.97,72,0.45
THEFT,2025-03-06 10:30:00,41.749762233,-87.651294144,0.97,72,0.45
THEFT,2025-03-06 10:30:00,41.895732399,-87.687784384,0.97,72,0.45
THEFT,2025-03-06 10:28:00,41.967929496,-87.649288171,0.97,72,0.45
WEAPONS VIOLATION,2025-03-06 10:26:00,41.692540893,-87.626840351,0.97,72,0.45
ASSAULT,2025-03-06 10:15:00,41.727562592,-87.545594933,0.97,72,0.45
OTHER OFFENSE,2025-03-06 10:12:00,42.018489697,-87.665810918,0.97,72,0.45
CRIMINAL DAMAGE,2025-03-06 10:09:00,41.772532881,-87.572803415,0.97,72,0.45
PUBLIC PEACE VIOLATION,2025-03-06 10:08:00,41.730390353,-87.658767583,0.97,72,0.45
BATTERY,2025-03-06 10:05:00,41.952124569,-87.706298949,0.97,72,0.45
THEFT,2025-03-06 10:00:00,41.749880266,-87.663426578,0.97,72,0.45
DECEPTIVE PRACTICE,2025-03-06 10:00:00,41.695908161,-87.595822806,0.97,72,0.45
BATTERY,2025-03-06 10:00:00,41.770348245,-87.637277969,0.97,72,0.45
BURGLARY,2025-03-06 10:00:00,41.775635581,-87.64075861,0.97,72,0.45
MOTOR VEHICLE THEFT,2025-03-06 10:00:00,41.80171934,-87.630703621,0.97,72,0.45
OFFENSE INVOLVING CHILDREN,2025-03-06 09:55:00,41.79692803,-87.654934706,0.97,72,0.45
ASSAULT,2025-03-06 09:55:00,41.851436512,-87.646460241,0.97,72,0.45
NARCOTICS,2025-03-06 09:55:00,41.772728903,-87.628945174,0.97,72,0.45
ASSAULT,2025-03-06 09:45:00,41.755883838,-87.632442555,0.97,72,0.45
THEFT,2025-03-06 09:41:00,41.68094392,-87.537099797,0.97,72,0.45
ASSAULT,2025-03-06 09:35:00,41.726219145,-87.567294437,0.97,72,0.45
DECEPTIVE PRACTICE,2025-03-06 09:30:00,41.810478653,-87.618184026,0.97,72,0.45
ASSAULT,2025-03-06 09:30:00,41.808586084,-87.745627875,0.97,72,0.45
THEFT,2025-03-06 09:20:00,41.8684223,-87.68692108,0.97,72,0.45
CRIMINAL TRESPASS,2025-03-06 09:15:00,41.855888512,-87.722374204,0.97,72,0.45
OTHER OFFENSE,2025-03-06 09:15:00,41.904027387,-87.758918312,0.97,72,0.45
MOTOR VEHICLE THEFT,2025-03-06 09:13:00,41.823627332,-87.698169312,0.97,72,0.45
BATTERY,2025-03-06 09:07:00,41.785195069,-87.618982074,0.97,72,0.45
THEFT,2025-03-06 09:06:00,41.882394062,-87.627844798,0.97,72,0.45
ASSAULT,2025-03-06 09:05:00,41.750544431,-87.603945359,0.97,72,0.45
DECEPTIVE PRACTICE,2025-03-06 09:00:00,41.799487229,-87.593818494,0.97,72,0.45
ASSAULT,2025-03-06 09:00:00,41.73690503,-87.648506389,0.97,72,0.45
OTHER OFFENSE,2025-03-06 09:00:00,41.990092944,-87.742427323,0.97,72,0.45
DECEPTIVE PRACTICE,2025-03-06 09:00:00,41.684748514,-87.632468293,0.97,72,0.45
CRIMINAL SEXUAL ASSAULT,2025-03-06 09:00:00,41.756225433,-87.636265116,0.97,72,0.45
THEFT,2025-03-06 09:00:00,41.9922857,-87.688902732,0.97,72,0.45
DECEPTIVE PRACTICE,2025-03-06 09:00:00,41.684927504,-87.653586476,0.97,72,0.45
BATTERY,2025-03-06 09:00:00,41.910239494,-87.694846269,0.97,72,0.45
THEFT,2025-03-06 08:50:00,41.976814727,-87.659880317,0.97,72,0.45
THEFT,2025-03-06 08:30:00,41.939262335,-87.71335694,0.97,72,0.45
BURGLARY,2025-03-06 08:30:00,41.749429692,-87.660990617,0.97,72,0.45
THEFT,2025-03-06 08:30:00,41.977769168,-87.685051454,0.97,72,0.45
ASSAULT,2025-03-06 08:30:00,41.958879809,-87.748752781,0.97,72,0.45
THEFT,2025-03-06 08:15:00,41.982516992,-87.656583616,0.97,72,0.45
THEFT,2025-03-06 08:15:00,41.809445968,-87.67496226,0.97,72,0.45
DECEPTIVE PRACTICE,2025-03-06 08:08:00,41.912858657,-87.70852775,0.97,72,0.45
CRIMINAL DAMAGE,2025-03-06 08:05:00,41.774643948,-87.703037455,0.97,72,0.45
MOTOR VEHICLE THEFT,2025-03-06 08:00:00,41.866517317,-87.695178701,0.97,72,0.45
ASSAULT,2025-03-06 08:00:00,41.982161273,-87.668500261,0.97,72,0.45
MOTOR VEHICLE THEFT,2025-03-06 08:00:00,41.981313322,-87.882548649,0.97,72,0.45
OTHER OFFENSE,2025-03-06 08:00:00,41.881951992,-87.633185359,0.97,72,0.45
MOTOR VEHICLE THEFT,2025-03-06 07:50:00,41.885634973,-87.728881166,0.97,72,0.45
BATTERY,2025-03-06 07:45:00,41.671587926,-87.638097729,0.97,72,0.45
BATTERY,2025-03-06 07:40:00,41.907262889,-87.692050894,0.97,72,0.45
MOTOR VEHICLE THEFT,2025-03-06 07:30:00,41.845623723,-87.624703584,0.97,72,0.45
ASSAULT,2025-03-06 07:30:00,41.786087136,-87.64737823,0.97,72,0.45
BURGLARY,2025-03-06 07:23:00,41.899538884,-87.756941947,0.97,72,0.45
DECEPTIVE PRACTICE,2025-03-06 07:23:00,41.816229907,-87.606696541,0.97,72,0.45
BATTERY,2025-03-06 07:15:00,41.74424764,-87.654785994,0.97,72,0.45
